ID,i_lambda,lambda,logA,dropsz,run
603,1,1400.0,-0.570785733,6.84,3
604,2,1401.0,-0.632984007,6.84,3
605,3,1402.0,-0.694445558,6.84,3
606,4,1403.0,-0.752800551,6.84,3
607,5,1404.0,-0.806278232,6.84,3
608,6,1405.0,-0.859566312,6.84,3
609,7,1406.0,-0.9122291579999999,6.84,3
610,8,1407.0,-0.962728287,6.84,3
611,9,1408.0,-1.010099523,6.84,3
612,10,1409.0,-1.054781596,6.84,3
613,11,1410.0,-1.0951355459999998,6.84,3
614,12,1411.0,-1.132159959,6.84,3
615,13,1412.0,-1.166581235,6.84,3
616,14,1413.0,-1.197241126,6.84,3
617,15,1414.0,-1.225100021,6.84,3
618,16,1415.0,-1.250098734,6.84,3
619,17,1416.0,-1.27112203,6.84,3
620,18,1417.0,-1.288624467,6.84,3
621,19,1418.0,-1.304728127,6.84,3
622,20,1419.0,-1.3204302190000001,6.84,3
623,21,1420.0,-1.334807172,6.84,3
624,22,1421.0,-1.349018267,6.84,3
625,23,1422.0,-1.3628302030000001,6.84,3
626,24,1423.0,-1.3745816530000001,6.84,3
627,25,1424.0,-1.385677931,6.84,3
628,26,1425.0,-1.396179944,6.84,3
629,27,1426.0,-1.40551304,6.84,3
630,28,1427.0,-1.413336902,6.84,3
631,29,1428.0,-1.420801521,6.84,3
632,30,1429.0,-1.427415518,6.84,3
633,31,1430.0,-1.433929726,6.84,3
634,32,1431.0,-1.440461138,6.84,3
635,33,1432.0,-1.445647109,6.84,3
636,34,1433.0,-1.450392457,6.84,3
637,35,1434.0,-1.4534166030000002,6.84,3
638,36,1435.0,-1.456062236,6.84,3
639,37,1436.0,-1.45779961,6.84,3
640,38,1437.0,-1.45806801,6.84,3
641,39,1438.0,-1.458277225,6.84,3
642,40,1439.0,-1.457150805,6.84,3
643,41,1440.0,-1.45503767,6.84,3
644,42,1441.0,-1.4530336169999998,6.84,3
645,43,1442.0,-1.449921552,6.84,3
646,44,1443.0,-1.4461809840000002,6.84,3
647,45,1444.0,-1.4430964480000001,6.84,3
648,46,1445.0,-1.440821069,6.84,3
649,47,1446.0,-1.438366929,6.84,3
650,48,1447.0,-1.435079028,6.84,3
651,49,1448.0,-1.43086205,6.84,3
652,50,1449.0,-1.425214982,6.84,3
653,51,1450.0,-1.419121268,6.84,3
654,52,1451.0,-1.414106316,6.84,3
655,53,1452.0,-1.409411723,6.84,3
656,54,1453.0,-1.404799027,6.84,3
657,55,1454.0,-1.401502524,6.84,3
658,56,1455.0,-1.396370233,6.84,3
659,57,1456.0,-1.3900697130000002,6.84,3
660,58,1457.0,-1.3842323559999998,6.84,3
661,59,1458.0,-1.378097006,6.84,3
662,60,1459.0,-1.3719864309999998,6.84,3
663,61,1460.0,-1.36711669,6.84,3
664,62,1461.0,-1.35933997,6.84,3
665,63,1462.0,-1.349273935,6.84,3
666,64,1463.0,-1.339545809,6.84,3
667,65,1464.0,-1.3281429359999999,6.84,3
668,66,1465.0,-1.317955089,6.84,3
669,67,1466.0,-1.308586894,6.84,3
670,68,1467.0,-1.298596218,6.84,3
671,69,1468.0,-1.287359201,6.84,3
672,70,1469.0,-1.274174908,6.84,3
673,71,1470.0,-1.260388436,6.84,3
674,72,1471.0,-1.2452338109999999,6.84,3
675,73,1472.0,-1.227876241,6.84,3
676,74,1473.0,-1.211756752,6.84,3
677,75,1474.0,-1.1951173240000001,6.84,3
678,76,1475.0,-1.177756313,6.84,3
679,77,1476.0,-1.161273452,6.84,3
680,78,1477.0,-1.1437070120000001,6.84,3
681,79,1478.0,-1.124952041,6.84,3
682,80,1479.0,-1.106206017,6.84,3
683,81,1480.0,-1.089541813,6.84,3
684,82,1481.0,-1.072251343,6.84,3
685,83,1482.0,-1.053329827,6.84,3
686,84,1483.0,-1.03456763,6.84,3
687,85,1484.0,-1.013529538,6.84,3
688,86,1485.0,-0.991730635,6.84,3
689,87,1486.0,-0.971379372,6.84,3
690,88,1487.0,-0.9521481629999999,6.84,3
691,89,1488.0,-0.932296537,6.84,3
692,90,1489.0,-0.913142063,6.84,3
693,91,1490.0,-0.893082255,6.84,3
694,92,1491.0,-0.8724013409999999,6.84,3
695,93,1492.0,-0.851754838,6.84,3
696,94,1493.0,-0.830861269,6.84,3
697,95,1494.0,-0.809896471,6.84,3
698,96,1495.0,-0.788750675,6.84,3
699,97,1496.0,-0.7673423290000001,6.84,3
700,98,1497.0,-0.74561087,6.84,3
701,99,1498.0,-0.723752437,6.84,3
702,100,1499.0,-0.701413293,6.84,3
703,101,1500.0,-0.679974321,6.84,3
704,102,1501.0,-0.6580412179999999,6.84,3
705,103,1502.0,-0.635441933,6.84,3
706,104,1503.0,-0.613974401,6.84,3
707,105,1504.0,-0.593122812,6.84,3
708,106,1505.0,-0.572387187,6.84,3
709,107,1506.0,-0.551950242,6.84,3
710,108,1507.0,-0.530815457,6.84,3
711,109,1508.0,-0.50812464,6.84,3
712,110,1509.0,-0.485408359,6.84,3
713,111,1510.0,-0.46396319399999997,6.84,3
714,112,1511.0,-0.441879374,6.84,3
715,113,1512.0,-0.419461775,6.84,3
716,114,1513.0,-0.397668033,6.84,3
717,115,1514.0,-0.375065651,6.84,3
718,116,1515.0,-0.352754723,6.84,3
719,117,1516.0,-0.330951002,6.84,3
720,118,1517.0,-0.30892051800000003,6.84,3
721,119,1518.0,-0.28770487,6.84,3
722,120,1519.0,-0.266121719,6.84,3
723,121,1520.0,-0.244951836,6.84,3
724,122,1521.0,-0.225025883,6.84,3
725,123,1522.0,-0.20474791399999998,6.84,3
726,124,1523.0,-0.184332992,6.84,3
727,125,1524.0,-0.164433536,6.84,3
728,126,1525.0,-0.144155911,6.84,3
729,127,1526.0,-0.123005985,6.84,3
730,128,1527.0,-0.10217607599999999,6.84,3
731,129,1528.0,-0.081823436,6.84,3
732,130,1529.0,-0.060904404,6.84,3
733,131,1530.0,-0.039402461,6.84,3
734,132,1531.0,-0.018486182,6.84,3
735,133,1532.0,0.002444206,6.84,3
736,134,1533.0,0.022955133,6.84,3
737,135,1534.0,0.042457839000000004,6.84,3
738,136,1535.0,0.062880675,6.84,3
739,137,1536.0,0.083133525,6.84,3
740,138,1537.0,0.104656802,6.84,3
741,139,1538.0,0.128493481,6.84,3
742,140,1539.0,0.150698425,6.84,3
743,141,1540.0,0.172790159,6.84,3
744,142,1541.0,0.194273864,6.84,3
745,143,1542.0,0.214905915,6.84,3
746,144,1543.0,0.23410409,6.84,3
747,145,1544.0,0.255589515,6.84,3
748,146,1545.0,0.278019158,6.84,3
749,147,1546.0,0.298908942,6.84,3
750,148,1547.0,0.319463226,6.84,3
751,149,1548.0,0.33773266799999996,6.84,3
752,150,1549.0,0.354543459,6.84,3
753,151,1550.0,0.372662184,6.84,3
754,152,1551.0,0.39151212700000004,6.84,3
755,153,1552.0,0.410991434,6.84,3
756,154,1553.0,0.430392974,6.84,3
757,155,1554.0,0.449124546,6.84,3
758,156,1555.0,0.46745764700000003,6.84,3
759,157,1556.0,0.484740202,6.84,3
760,158,1557.0,0.501798747,6.84,3
761,159,1558.0,0.519513152,6.84,3
762,160,1559.0,0.53676405,6.84,3
763,161,1560.0,0.554799158,6.84,3
764,162,1561.0,0.573024555,6.84,3
765,163,1562.0,0.589943394,6.84,3
766,164,1563.0,0.6061416820000001,6.84,3
767,165,1564.0,0.621262929,6.84,3
768,166,1565.0,0.6369130620000001,6.84,3
769,167,1566.0,0.653214581,6.84,3
770,168,1567.0,0.6690395179999999,6.84,3
771,169,1568.0,0.686075008,6.84,3
772,170,1569.0,0.7026752079999999,6.84,3
773,171,1570.0,0.717197028,6.84,3
774,172,1571.0,0.732600783,6.84,3
775,173,1572.0,0.748188289,6.84,3
776,174,1573.0,0.763477458,6.84,3
777,175,1574.0,0.778739443,6.84,3
778,176,1575.0,0.794452202,6.84,3
779,177,1576.0,0.8101684020000001,6.84,3
780,178,1577.0,0.8249723870000001,6.84,3
781,179,1578.0,0.840772548,6.84,3
782,180,1579.0,0.85866623,6.84,3
783,181,1580.0,0.874352838,6.84,3
784,182,1581.0,0.888675078,6.84,3
785,183,1582.0,0.9037374840000001,6.84,3
786,184,1583.0,0.91830851,6.84,3
787,185,1584.0,0.93213249,6.84,3
788,186,1585.0,0.946763735,6.84,3
789,187,1586.0,0.9605047859999999,6.84,3
790,188,1587.0,0.972898675,6.84,3
791,189,1588.0,0.985125675,6.84,3
792,190,1589.0,0.996748086,6.84,3
793,191,1590.0,1.008732493,6.84,3
794,192,1591.0,1.0202726640000002,6.84,3
795,193,1592.0,1.0319394640000001,6.84,3
796,194,1593.0,1.044412497,6.84,3
797,195,1594.0,1.055843587,6.84,3
798,196,1595.0,1.066485306,6.84,3
799,197,1596.0,1.07755612,6.84,3
800,198,1597.0,1.088316898,6.84,3
801,199,1598.0,1.098887044,6.84,3
802,200,1599.0,1.109748988,6.84,3
803,201,1600.0,1.119771322,6.84,3
804,202,1601.0,1.1298290979999999,6.84,3
805,203,1602.0,1.138743765,6.84,3
806,204,1603.0,1.146989497,6.84,3
807,205,1604.0,1.1543852959999998,6.84,3
808,206,1605.0,1.16042705,6.84,3
809,207,1606.0,1.166316711,6.84,3
810,208,1607.0,1.170270106,6.84,3
811,209,1608.0,1.175939541,6.84,3
812,210,1609.0,1.182488159,6.84,3
813,211,1610.0,1.189005463,6.84,3
814,212,1611.0,1.196050965,6.84,3
815,213,1612.0,1.2041865840000001,6.84,3
816,214,1613.0,1.211804673,6.84,3
817,215,1614.0,1.218843981,6.84,3
818,216,1615.0,1.226954136,6.84,3
819,217,1616.0,1.23507255,6.84,3
820,218,1617.0,1.243822736,6.84,3
821,219,1618.0,1.251614941,6.84,3
822,220,1619.0,1.258375525,6.84,3
823,221,1620.0,1.26541793,6.84,3
824,222,1621.0,1.271481019,6.84,3
825,223,1622.0,1.278005205,6.84,3
826,224,1623.0,1.284890355,6.84,3
827,225,1624.0,1.290182998,6.84,3
828,226,1625.0,1.294605061,6.84,3
829,227,1626.0,1.297683404,6.84,3
830,228,1627.0,1.299147216,6.84,3
831,229,1628.0,1.301694952,6.84,3
832,230,1629.0,1.3031763140000001,6.84,3
833,231,1630.0,1.303646358,6.84,3
834,232,1631.0,1.306088455,6.84,3
835,233,1632.0,1.307425638,6.84,3
836,234,1633.0,1.308986487,6.84,3
837,235,1634.0,1.310484022,6.84,3
838,236,1635.0,1.30856737,6.84,3
839,237,1636.0,1.307912887,6.84,3
840,238,1637.0,1.309114838,6.84,3
841,239,1638.0,1.30872841,6.84,3
842,240,1639.0,1.309651638,6.84,3
843,241,1640.0,1.3103394990000001,6.84,3
844,242,1641.0,1.306530627,6.84,3
845,243,1642.0,1.301697705,6.84,3
846,244,1643.0,1.297760827,6.84,3
847,245,1644.0,1.290733218,6.84,3
848,246,1645.0,1.281400466,6.84,3
849,247,1646.0,1.272877043,6.84,3
850,248,1647.0,1.262135191,6.84,3
851,249,1648.0,1.250686208,6.84,3
852,250,1649.0,1.240357278,6.84,3
853,251,1650.0,1.229990498,6.84,3
854,252,1651.0,1.220092385,6.84,3
855,253,1652.0,1.209072842,6.84,3
856,254,1653.0,1.197760811,6.84,3
857,255,1654.0,1.184053138,6.84,3
858,256,1655.0,1.16673101,6.84,3
859,257,1656.0,1.146668449,6.84,3
860,258,1657.0,1.122836932,6.84,3
861,259,1658.0,1.098355061,6.84,3
862,260,1659.0,1.072136159,6.84,3
863,261,1660.0,1.0436630409999998,6.84,3
864,262,1661.0,1.015859547,6.84,3
865,263,1662.0,0.98903296,6.84,3
866,264,1663.0,0.9637964720000001,6.84,3
867,265,1664.0,0.9410953320000001,6.84,3
868,266,1665.0,0.922330726,6.84,3
869,267,1666.0,0.9061933440000001,6.84,3
870,268,1667.0,0.892967759,6.84,3
871,269,1668.0,0.8817792609999999,6.84,3
872,270,1669.0,0.8706158829999999,6.84,3
873,271,1670.0,0.8587873540000001,6.84,3
874,272,1671.0,0.846502201,6.84,3
875,273,1672.0,0.832358206,6.84,3
876,274,1673.0,0.81351893,6.84,3
877,275,1674.0,0.792684203,6.84,3
878,276,1675.0,0.7669790459999999,6.84,3
879,277,1676.0,0.73474936,6.84,3
880,278,1677.0,0.700982223,6.84,3
881,279,1678.0,0.66428574,6.84,3
882,280,1679.0,0.622999271,6.84,3
883,281,1680.0,0.5781568460000001,6.84,3
884,282,1681.0,0.528967372,6.84,3
885,283,1682.0,0.474847251,6.84,3
886,284,1683.0,0.41782428,6.84,3
887,285,1684.0,0.357179629,6.84,3
888,286,1685.0,0.292293569,6.84,3
889,287,1686.0,0.223071815,6.84,3
890,288,1687.0,0.151759637,6.84,3
891,289,1688.0,0.07549479,6.84,3
892,290,1689.0,0.00037305199999999996,6.84,3
893,291,1690.0,-0.077121961,6.84,3
894,292,1691.0,-0.152249549,6.84,3
895,293,1692.0,-0.227948347,6.84,3
896,294,1693.0,-0.30086851600000003,6.84,3
897,295,1694.0,-0.37233450799999995,6.84,3
898,296,1695.0,-0.441943721,6.84,3
899,297,1696.0,-0.512591437,6.84,3
900,298,1697.0,-0.586084881,6.84,3
901,299,1698.0,-0.662569609,6.84,3
902,300,1699.0,-0.742969538,6.84,3
903,301,1700.0,-0.8243212540000001,6.84,3
2108,1,1400.0,-0.604035843,5.69,8
2109,2,1401.0,-0.665258934,5.69,8
2110,3,1402.0,-0.726913985,5.69,8
2111,4,1403.0,-0.784719763,5.69,8
2112,5,1404.0,-0.8393244879999999,5.69,8
2113,6,1405.0,-0.8921760809999999,5.69,8
2114,7,1406.0,-0.942757249,5.69,8
2115,8,1407.0,-0.9920475440000001,5.69,8
2116,9,1408.0,-1.0390535159999998,5.69,8
2117,10,1409.0,-1.081920298,5.69,8
2118,11,1410.0,-1.122108879,5.69,8
2119,12,1411.0,-1.157843335,5.69,8
2120,13,1412.0,-1.190165483,5.69,8
2121,14,1413.0,-1.220499341,5.69,8
2122,15,1414.0,-1.246983371,5.69,8
2123,16,1415.0,-1.2711352679999999,5.69,8
2124,17,1416.0,-1.2925205709999998,5.69,8
2125,18,1417.0,-1.3104104540000001,5.69,8
2126,19,1418.0,-1.326623924,5.69,8
2127,20,1419.0,-1.3410923240000001,5.69,8
2128,21,1420.0,-1.3545050109999999,5.69,8
2129,22,1421.0,-1.3678095680000002,5.69,8
2130,23,1422.0,-1.379605327,5.69,8
2131,24,1423.0,-1.3910141580000002,5.69,8
2132,25,1424.0,-1.4015657419999998,5.69,8
2133,26,1425.0,-1.4107655780000001,5.69,8
2134,27,1426.0,-1.418894411,5.69,8
2135,28,1427.0,-1.426513177,5.69,8
2136,29,1428.0,-1.4331643440000001,5.69,8
2137,30,1429.0,-1.4382505630000002,5.69,8
2138,31,1430.0,-1.443539141,5.69,8
2139,32,1431.0,-1.4487904719999998,5.69,8
2140,33,1432.0,-1.45292855,5.69,8
2141,34,1433.0,-1.456574628,5.69,8
2142,35,1434.0,-1.459062145,5.69,8
2143,36,1435.0,-1.460159554,5.69,8
2144,37,1436.0,-1.4612010919999998,5.69,8
2145,38,1437.0,-1.4603908209999998,5.69,8
2146,39,1438.0,-1.459611961,5.69,8
2147,40,1439.0,-1.459450463,5.69,8
2148,41,1440.0,-1.456785882,5.69,8
2149,42,1441.0,-1.453601505,5.69,8
2150,43,1442.0,-1.449866756,5.69,8
2151,44,1443.0,-1.4451846990000001,5.69,8
2152,45,1444.0,-1.441748763,5.69,8
2153,46,1445.0,-1.438533254,5.69,8
2154,47,1446.0,-1.434610322,5.69,8
2155,48,1447.0,-1.4303788480000001,5.69,8
2156,49,1448.0,-1.4257743440000001,5.69,8
2157,50,1449.0,-1.421780808,5.69,8
2158,51,1450.0,-1.4181842080000002,5.69,8
2159,52,1451.0,-1.4137103480000002,5.69,8
2160,53,1452.0,-1.4082416480000002,5.69,8
2161,54,1453.0,-1.402900534,5.69,8
2162,55,1454.0,-1.396872844,5.69,8
2163,56,1455.0,-1.390998314,5.69,8
2164,57,1456.0,-1.385511546,5.69,8
2165,58,1457.0,-1.3795144330000002,5.69,8
2166,59,1458.0,-1.373140398,5.69,8
2167,60,1459.0,-1.366092295,5.69,8
2168,61,1460.0,-1.358847671,5.69,8
2169,62,1461.0,-1.351081861,5.69,8
2170,63,1462.0,-1.342607794,5.69,8
2171,64,1463.0,-1.333360704,5.69,8
2172,65,1464.0,-1.323719181,5.69,8
2173,66,1465.0,-1.313532844,5.69,8
2174,67,1466.0,-1.3018963590000001,5.69,8
2175,68,1467.0,-1.2903538270000001,5.69,8
2176,69,1468.0,-1.279117892,5.69,8
2177,70,1469.0,-1.2657961000000002,5.69,8
2178,71,1470.0,-1.2506914359999999,5.69,8
2179,72,1471.0,-1.2349988729999999,5.69,8
2180,73,1472.0,-1.217268265,5.69,8
2181,74,1473.0,-1.199161292,5.69,8
2182,75,1474.0,-1.182115592,5.69,8
2183,76,1475.0,-1.165249736,5.69,8
2184,77,1476.0,-1.148586795,5.69,8
2185,78,1477.0,-1.131099685,5.69,8
2186,79,1478.0,-1.111776055,5.69,8
2187,80,1479.0,-1.092477441,5.69,8
2188,81,1480.0,-1.073450679,5.69,8
2189,82,1481.0,-1.0531691779999999,5.69,8
2190,83,1482.0,-1.0336392970000001,5.69,8
2191,84,1483.0,-1.014437972,5.69,8
2192,85,1484.0,-0.994061407,5.69,8
2193,86,1485.0,-0.9746702309999999,5.69,8
2194,87,1486.0,-0.954785388,5.69,8
2195,88,1487.0,-0.934675114,5.69,8
2196,89,1488.0,-0.914450597,5.69,8
2197,90,1489.0,-0.8939889740000001,5.69,8
2198,91,1490.0,-0.87342784,5.69,8
2199,92,1491.0,-0.852940645,5.69,8
2200,93,1492.0,-0.8325485140000001,5.69,8
2201,94,1493.0,-0.812647827,5.69,8
2202,95,1494.0,-0.791352585,5.69,8
2203,96,1495.0,-0.768701147,5.69,8
2204,97,1496.0,-0.747338637,5.69,8
2205,98,1497.0,-0.72578183,5.69,8
2206,99,1498.0,-0.70386311,5.69,8
2207,100,1499.0,-0.6825856579999999,5.69,8
2208,101,1500.0,-0.661572551,5.69,8
2209,102,1501.0,-0.638895819,5.69,8
2210,103,1502.0,-0.616760008,5.69,8
2211,104,1503.0,-0.595008902,5.69,8
2212,105,1504.0,-0.573139105,5.69,8
2213,106,1505.0,-0.551602033,5.69,8
2214,107,1506.0,-0.529480954,5.69,8
2215,108,1507.0,-0.507514424,5.69,8
2216,109,1508.0,-0.485576525,5.69,8
2217,110,1509.0,-0.463773996,5.69,8
2218,111,1510.0,-0.44201093700000005,5.69,8
2219,112,1511.0,-0.420358509,5.69,8
2220,113,1512.0,-0.398899823,5.69,8
2221,114,1513.0,-0.37530135600000003,5.69,8
2222,115,1514.0,-0.351569465,5.69,8
2223,116,1515.0,-0.32890690899999997,5.69,8
2224,117,1516.0,-0.306299946,5.69,8
2225,118,1517.0,-0.285757158,5.69,8
2226,119,1518.0,-0.266245345,5.69,8
2227,120,1519.0,-0.245364272,5.69,8
2228,121,1520.0,-0.224768114,5.69,8
2229,122,1521.0,-0.204295373,5.69,8
2230,123,1522.0,-0.182563725,5.69,8
2231,124,1523.0,-0.161654299,5.69,8
2232,125,1524.0,-0.14085995199999998,5.69,8
2233,126,1525.0,-0.11998277,5.69,8
2234,127,1526.0,-0.09900663300000001,5.69,8
2235,128,1527.0,-0.07844383099999999,5.69,8
2236,129,1528.0,-0.058034744000000006,5.69,8
2237,130,1529.0,-0.037834132,5.69,8
2238,131,1530.0,-0.017961519,5.69,8
2239,132,1531.0,0.002593222,5.69,8
2240,133,1532.0,0.023291671,5.69,8
2241,134,1533.0,0.043843911,5.69,8
2242,135,1534.0,0.064747499,5.69,8
2243,136,1535.0,0.085321141,5.69,8
2244,137,1536.0,0.105649618,5.69,8
2245,138,1537.0,0.126047586,5.69,8
2246,139,1538.0,0.146247643,5.69,8
2247,140,1539.0,0.167117041,5.69,8
2248,141,1540.0,0.187871918,5.69,8
2249,142,1541.0,0.20898175600000002,5.69,8
2250,143,1542.0,0.231196231,5.69,8
2251,144,1543.0,0.252462287,5.69,8
2252,145,1544.0,0.273174357,5.69,8
2253,146,1545.0,0.29494631,5.69,8
2254,147,1546.0,0.315546915,5.69,8
2255,148,1547.0,0.335459833,5.69,8
2256,149,1548.0,0.35560346299999995,5.69,8
2257,150,1549.0,0.374139338,5.69,8
2258,151,1550.0,0.39203227799999996,5.69,8
2259,152,1551.0,0.410599285,5.69,8
2260,153,1552.0,0.428278469,5.69,8
2261,154,1553.0,0.445898169,5.69,8
2262,155,1554.0,0.46380973200000003,5.69,8
2263,156,1555.0,0.481660143,5.69,8
2264,157,1556.0,0.499800195,5.69,8
2265,158,1557.0,0.518029196,5.69,8
2266,159,1558.0,0.53564278,5.69,8
2267,160,1559.0,0.552809951,5.69,8
2268,161,1560.0,0.570495251,5.69,8
2269,162,1561.0,0.587431154,5.69,8
2270,163,1562.0,0.604417092,5.69,8
2271,164,1563.0,0.6218689000000001,5.69,8
2272,165,1564.0,0.638069306,5.69,8
2273,166,1565.0,0.653972288,5.69,8
2274,167,1566.0,0.67031946,5.69,8
2275,168,1567.0,0.68612571,5.69,8
2276,169,1568.0,0.701146429,5.69,8
2277,170,1569.0,0.7162127340000001,5.69,8
2278,171,1570.0,0.730612477,5.69,8
2279,172,1571.0,0.744537455,5.69,8
2280,173,1572.0,0.7592913259999999,5.69,8
2281,174,1573.0,0.7744682620000001,5.69,8
2282,175,1574.0,0.789625184,5.69,8
2283,176,1575.0,0.8053158,5.69,8
2284,177,1576.0,0.820818512,5.69,8
2285,178,1577.0,0.8358870409999999,5.69,8
2286,179,1578.0,0.8517155279999999,5.69,8
2287,180,1579.0,0.868524124,5.69,8
2288,181,1580.0,0.8842636620000001,5.69,8
2289,182,1581.0,0.9003601090000001,5.69,8
2290,183,1582.0,0.915193479,5.69,8
2291,184,1583.0,0.9287771140000001,5.69,8
2292,185,1584.0,0.9420327490000001,5.69,8
2293,186,1585.0,0.954700765,5.69,8
2294,187,1586.0,0.967482191,5.69,8
2295,188,1587.0,0.979615957,5.69,8
2296,189,1588.0,0.99191539,5.69,8
2297,190,1589.0,1.0040663890000001,5.69,8
2298,191,1590.0,1.016282988,5.69,8
2299,192,1591.0,1.028851492,5.69,8
2300,193,1592.0,1.041168715,5.69,8
2301,194,1593.0,1.0536699520000001,5.69,8
2302,195,1594.0,1.064895881,5.69,8
2303,196,1595.0,1.075068319,5.69,8
2304,197,1596.0,1.085602669,5.69,8
2305,198,1597.0,1.095240301,5.69,8
2306,199,1598.0,1.106073742,5.69,8
2307,200,1599.0,1.118960795,5.69,8
2308,201,1600.0,1.129192162,5.69,8
2309,202,1601.0,1.139177807,5.69,8
2310,203,1602.0,1.14736279,5.69,8
2311,204,1603.0,1.152222189,5.69,8
2312,205,1604.0,1.15852979,5.69,8
2313,206,1605.0,1.16484573,5.69,8
2314,207,1606.0,1.170357237,5.69,8
2315,208,1607.0,1.1754012059999999,5.69,8
2316,209,1608.0,1.181103397,5.69,8
2317,210,1609.0,1.185975027,5.69,8
2318,211,1610.0,1.192344336,5.69,8
2319,212,1611.0,1.2004264709999999,5.69,8
2320,213,1612.0,1.208067197,5.69,8
2321,214,1613.0,1.2152198140000001,5.69,8
2322,215,1614.0,1.2216508320000001,5.69,8
2323,216,1615.0,1.228434867,5.69,8
2324,217,1616.0,1.235633626,5.69,8
2325,218,1617.0,1.242921891,5.69,8
2326,219,1618.0,1.250181803,5.69,8
2327,220,1619.0,1.257318855,5.69,8
2328,221,1620.0,1.2644192140000001,5.69,8
2329,222,1621.0,1.272167234,5.69,8
2330,223,1622.0,1.279603377,5.69,8
2331,224,1623.0,1.286029392,5.69,8
2332,225,1624.0,1.291360777,5.69,8
2333,226,1625.0,1.294735838,5.69,8
2334,227,1626.0,1.297353165,5.69,8
2335,228,1627.0,1.299158275,5.69,8
2336,229,1628.0,1.300524199,5.69,8
2337,230,1629.0,1.3023960209999998,5.69,8
2338,231,1630.0,1.303043126,5.69,8
2339,232,1631.0,1.303527342,5.69,8
2340,233,1632.0,1.304074935,5.69,8
2341,234,1633.0,1.303007546,5.69,8
2342,235,1634.0,1.303655206,5.69,8
2343,236,1635.0,1.304820995,5.69,8
2344,237,1636.0,1.304025457,5.69,8
2345,238,1637.0,1.305367476,5.69,8
2346,239,1638.0,1.305762743,5.69,8
2347,240,1639.0,1.304818216,5.69,8
2348,241,1640.0,1.304011559,5.69,8
2349,242,1641.0,1.2998543009999999,5.69,8
2350,243,1642.0,1.295173912,5.69,8
2351,244,1643.0,1.289649619,5.69,8
2352,245,1644.0,1.281735375,5.69,8
2353,246,1645.0,1.273320237,5.69,8
2354,247,1646.0,1.264078428,5.69,8
2355,248,1647.0,1.2528953059999999,5.69,8
2356,249,1648.0,1.241512048,5.69,8
2357,250,1649.0,1.230790349,5.69,8
2358,251,1650.0,1.219421546,5.69,8
2359,252,1651.0,1.208958355,5.69,8
2360,253,1652.0,1.198145484,5.69,8
2361,254,1653.0,1.1854274340000002,5.69,8
2362,255,1654.0,1.170955976,5.69,8
2363,256,1655.0,1.1529171040000001,5.69,8
2364,257,1656.0,1.132111915,5.69,8
2365,258,1657.0,1.108687733,5.69,8
2366,259,1658.0,1.082403838,5.69,8
2367,260,1659.0,1.053887877,5.69,8
2368,261,1660.0,1.024117178,5.69,8
2369,262,1661.0,0.994528269,5.69,8
2370,263,1662.0,0.9662474670000001,5.69,8
2371,264,1663.0,0.941024289,5.69,8
2372,265,1664.0,0.919676512,5.69,8
2373,266,1665.0,0.901028339,5.69,8
2374,267,1666.0,0.884633357,5.69,8
2375,268,1667.0,0.872360052,5.69,8
2376,269,1668.0,0.860578748,5.69,8
2377,270,1669.0,0.8493828390000001,5.69,8
2378,271,1670.0,0.838944109,5.69,8
2379,272,1671.0,0.826340582,5.69,8
2380,273,1672.0,0.811173653,5.69,8
2381,274,1673.0,0.7921602320000001,5.69,8
2382,275,1674.0,0.7701297709999999,5.69,8
2383,276,1675.0,0.7428930090000001,5.69,8
2384,277,1676.0,0.7110353420000001,5.69,8
2385,278,1677.0,0.676465285,5.69,8
2386,279,1678.0,0.6375511770000001,5.69,8
2387,280,1679.0,0.594896205,5.69,8
2388,281,1680.0,0.54886506,5.69,8
2389,282,1681.0,0.497276265,5.69,8
2390,283,1682.0,0.44044725799999995,5.69,8
2391,284,1683.0,0.381269718,5.69,8
2392,285,1684.0,0.317395666,5.69,8
2393,286,1685.0,0.251127217,5.69,8
2394,287,1686.0,0.181849509,5.69,8
2395,288,1687.0,0.109670116,5.69,8
2396,289,1688.0,0.032978781,5.69,8
2397,290,1689.0,-0.042994845999999996,5.69,8
2398,291,1690.0,-0.122085304,5.69,8
2399,292,1691.0,-0.19723921,5.69,8
2400,293,1692.0,-0.27227498,5.69,8
2401,294,1693.0,-0.345084522,5.69,8
2402,295,1694.0,-0.415251164,5.69,8
2403,296,1695.0,-0.486562192,5.69,8
2404,297,1696.0,-0.559147972,5.69,8
2405,298,1697.0,-0.635128826,5.69,8
2406,299,1698.0,-0.712955929,5.69,8
2407,300,1699.0,-0.792577858,5.69,8
2408,301,1700.0,-0.874259514,5.69,8
3613,1,1400.0,-0.593043058,4.96,13
3614,2,1401.0,-0.655670794,4.96,13
3615,3,1402.0,-0.7181352959999999,4.96,13
3616,4,1403.0,-0.776927039,4.96,13
3617,5,1404.0,-0.833418537,4.96,13
3618,6,1405.0,-0.887277158,4.96,13
3619,7,1406.0,-0.9385804059999999,4.96,13
3620,8,1407.0,-0.9873271090000001,4.96,13
3621,9,1408.0,-1.033814669,4.96,13
3622,10,1409.0,-1.07635115,4.96,13
3623,11,1410.0,-1.117956084,4.96,13
3624,12,1411.0,-1.156258763,4.96,13
3625,13,1412.0,-1.189825903,4.96,13
3626,14,1413.0,-1.221889589,4.96,13
3627,15,1414.0,-1.2495072109999998,4.96,13
3628,16,1415.0,-1.273426826,4.96,13
3629,17,1416.0,-1.294854483,4.96,13
3630,18,1417.0,-1.312416496,4.96,13
3631,19,1418.0,-1.3287043459999999,4.96,13
3632,20,1419.0,-1.342618554,4.96,13
3633,21,1420.0,-1.355489065,4.96,13
3634,22,1421.0,-1.368644648,4.96,13
3635,23,1422.0,-1.380216041,4.96,13
3636,24,1423.0,-1.3917765709999999,4.96,13
3637,25,1424.0,-1.4024639769999998,4.96,13
3638,26,1425.0,-1.413033068,4.96,13
3639,27,1426.0,-1.4216550980000002,4.96,13
3640,28,1427.0,-1.4285910640000001,4.96,13
3641,29,1428.0,-1.43563595,4.96,13
3642,30,1429.0,-1.441640368,4.96,13
3643,31,1430.0,-1.447214096,4.96,13
3644,32,1431.0,-1.4534266669999998,4.96,13
3645,33,1432.0,-1.4575812,4.96,13
3646,34,1433.0,-1.459922254,4.96,13
3647,35,1434.0,-1.462529296,4.96,13
3648,36,1435.0,-1.46416545,4.96,13
3649,37,1436.0,-1.463822248,4.96,13
3650,38,1437.0,-1.46348668,4.96,13
3651,39,1438.0,-1.463043365,4.96,13
3652,40,1439.0,-1.462313804,4.96,13
3653,41,1440.0,-1.4610478619999998,4.96,13
3654,42,1441.0,-1.458372414,4.96,13
3655,43,1442.0,-1.454733124,4.96,13
3656,44,1443.0,-1.449914205,4.96,13
3657,45,1444.0,-1.445368028,4.96,13
3658,46,1445.0,-1.442108051,4.96,13
3659,47,1446.0,-1.437739787,4.96,13
3660,48,1447.0,-1.432031597,4.96,13
3661,49,1448.0,-1.426402969,4.96,13
3662,50,1449.0,-1.421233802,4.96,13
3663,51,1450.0,-1.415762243,4.96,13
3664,52,1451.0,-1.411510239,4.96,13
3665,53,1452.0,-1.408342741,4.96,13
3666,54,1453.0,-1.403659165,4.96,13
3667,55,1454.0,-1.3980845569999998,4.96,13
3668,56,1455.0,-1.3925580969999998,4.96,13
3669,57,1456.0,-1.38647353,4.96,13
3670,58,1457.0,-1.380209582,4.96,13
3671,59,1458.0,-1.3737228019999999,4.96,13
3672,60,1459.0,-1.366956822,4.96,13
3673,61,1460.0,-1.3607069669999998,4.96,13
3674,62,1461.0,-1.352334779,4.96,13
3675,63,1462.0,-1.3422131119999998,4.96,13
3676,64,1463.0,-1.333022113,4.96,13
3677,65,1464.0,-1.323377231,4.96,13
3678,66,1465.0,-1.313044183,4.96,13
3679,67,1466.0,-1.302746659,4.96,13
3680,68,1467.0,-1.2918047129999999,4.96,13
3681,69,1468.0,-1.278541972,4.96,13
3682,70,1469.0,-1.26378576,4.96,13
3683,71,1470.0,-1.2486379029999999,4.96,13
3684,72,1471.0,-1.232821552,4.96,13
3685,73,1472.0,-1.2161496920000001,4.96,13
3686,74,1473.0,-1.198878623,4.96,13
3687,75,1474.0,-1.18164249,4.96,13
3688,76,1475.0,-1.163834159,4.96,13
3689,77,1476.0,-1.145521741,4.96,13
3690,78,1477.0,-1.1280660059999998,4.96,13
3691,79,1478.0,-1.10979469,4.96,13
3692,80,1479.0,-1.090415968,4.96,13
3693,81,1480.0,-1.071434174,4.96,13
3694,82,1481.0,-1.051426591,4.96,13
3695,83,1482.0,-1.031194709,4.96,13
3696,84,1483.0,-1.011975991,4.96,13
3697,85,1484.0,-0.993202349,4.96,13
3698,86,1485.0,-0.9736257509999999,4.96,13
3699,87,1486.0,-0.9530157290000001,4.96,13
3700,88,1487.0,-0.9314359940000001,4.96,13
3701,89,1488.0,-0.910182727,4.96,13
3702,90,1489.0,-0.887605387,4.96,13
3703,91,1490.0,-0.866302503,4.96,13
3704,92,1491.0,-0.845977847,4.96,13
3705,93,1492.0,-0.825222207,4.96,13
3706,94,1493.0,-0.8053614170000001,4.96,13
3707,95,1494.0,-0.783899997,4.96,13
3708,96,1495.0,-0.761162653,4.96,13
3709,97,1496.0,-0.739146649,4.96,13
3710,98,1497.0,-0.7162258140000001,4.96,13
3711,99,1498.0,-0.693816111,4.96,13
3712,100,1499.0,-0.672266322,4.96,13
3713,101,1500.0,-0.650229473,4.96,13
3714,102,1501.0,-0.6278444320000001,4.96,13
3715,103,1502.0,-0.605504016,4.96,13
3716,104,1503.0,-0.58346981,4.96,13
3717,105,1504.0,-0.562696555,4.96,13
3718,106,1505.0,-0.5415983010000001,4.96,13
3719,107,1506.0,-0.519511543,4.96,13
3720,108,1507.0,-0.49758478899999997,4.96,13
3721,109,1508.0,-0.475688568,4.96,13
3722,110,1509.0,-0.45357421299999995,4.96,13
3723,111,1510.0,-0.43184386799999996,4.96,13
3724,112,1511.0,-0.409460295,4.96,13
3725,113,1512.0,-0.385707144,4.96,13
3726,114,1513.0,-0.362343287,4.96,13
3727,115,1514.0,-0.339500545,4.96,13
3728,116,1515.0,-0.316582352,4.96,13
3729,117,1516.0,-0.294836447,4.96,13
3730,118,1517.0,-0.274196187,4.96,13
3731,119,1518.0,-0.253862137,4.96,13
3732,120,1519.0,-0.23352808600000002,4.96,13
3733,121,1520.0,-0.212877257,4.96,13
3734,122,1521.0,-0.19194018100000002,4.96,13
3735,123,1522.0,-0.170410062,4.96,13
3736,124,1523.0,-0.14965442199999998,4.96,13
3737,125,1524.0,-0.129918406,4.96,13
3738,126,1525.0,-0.109417011,4.96,13
3739,127,1526.0,-0.08906475900000001,4.96,13
3740,128,1527.0,-0.06784936400000001,4.96,13
3741,129,1528.0,-0.045074734000000005,4.96,13
3742,130,1529.0,-0.024175824,4.96,13
3743,131,1530.0,-0.003328292,4.96,13
3744,132,1531.0,0.01666696,4.96,13
3745,133,1532.0,0.034204605,4.96,13
3746,134,1533.0,0.053980842,4.96,13
3747,135,1534.0,0.074520109,4.96,13
3748,136,1535.0,0.095279272,4.96,13
3749,137,1536.0,0.117254468,4.96,13
3750,138,1537.0,0.13840850300000002,4.96,13
3751,139,1538.0,0.159879905,4.96,13
3752,140,1539.0,0.18054013,4.96,13
3753,141,1540.0,0.19990153,4.96,13
3754,142,1541.0,0.22049070699999998,4.96,13
3755,143,1542.0,0.24142925,4.96,13
3756,144,1543.0,0.262059235,4.96,13
3757,145,1544.0,0.282484297,4.96,13
3758,146,1545.0,0.303434878,4.96,13
3759,147,1546.0,0.32384438,4.96,13
3760,148,1547.0,0.34345650299999997,4.96,13
3761,149,1548.0,0.36384985700000005,4.96,13
3762,150,1549.0,0.384624874,4.96,13
3763,151,1550.0,0.403738194,4.96,13
3764,152,1551.0,0.421859782,4.96,13
3765,153,1552.0,0.440561495,4.96,13
3766,154,1553.0,0.45815580200000006,4.96,13
3767,155,1554.0,0.475259821,4.96,13
3768,156,1555.0,0.493816209,4.96,13
3769,157,1556.0,0.51204701,4.96,13
3770,158,1557.0,0.5296833000000001,4.96,13
3771,159,1558.0,0.548224128,4.96,13
3772,160,1559.0,0.565426498,4.96,13
3773,161,1560.0,0.581002989,4.96,13
3774,162,1561.0,0.5972162679999999,4.96,13
3775,163,1562.0,0.6128232929999999,4.96,13
3776,164,1563.0,0.629275257,4.96,13
3777,165,1564.0,0.647300255,4.96,13
3778,166,1565.0,0.6640369979999999,4.96,13
3779,167,1566.0,0.6804466859999999,4.96,13
3780,168,1567.0,0.696238082,4.96,13
3781,169,1568.0,0.710739463,4.96,13
3782,170,1569.0,0.725051773,4.96,13
3783,171,1570.0,0.739220227,4.96,13
3784,172,1571.0,0.753766232,4.96,13
3785,173,1572.0,0.768345706,4.96,13
3786,174,1573.0,0.782451332,4.96,13
3787,175,1574.0,0.79768609,4.96,13
3788,176,1575.0,0.813691217,4.96,13
3789,177,1576.0,0.8294145009999999,4.96,13
3790,178,1577.0,0.845768408,4.96,13
3791,179,1578.0,0.861486408,4.96,13
3792,180,1579.0,0.8773741009999999,4.96,13
3793,181,1580.0,0.8923798609999999,4.96,13
3794,182,1581.0,0.906824286,4.96,13
3795,183,1582.0,0.920951637,4.96,13
3796,184,1583.0,0.934133643,4.96,13
3797,185,1584.0,0.9477202090000001,4.96,13
3798,186,1585.0,0.961597426,4.96,13
3799,187,1586.0,0.974628528,4.96,13
3800,188,1587.0,0.987427697,4.96,13
3801,189,1588.0,0.999683145,4.96,13
3802,190,1589.0,1.010813572,4.96,13
3803,191,1590.0,1.022713195,4.96,13
3804,192,1591.0,1.034737884,4.96,13
3805,193,1592.0,1.0465975790000002,4.96,13
3806,194,1593.0,1.058628727,4.96,13
3807,195,1594.0,1.070309922,4.96,13
3808,196,1595.0,1.0822823529999999,4.96,13
3809,197,1596.0,1.0934773690000001,4.96,13
3810,198,1597.0,1.104369405,4.96,13
3811,199,1598.0,1.114538045,4.96,13
3812,200,1599.0,1.1235364509999999,4.96,13
3813,201,1600.0,1.1325753729999999,4.96,13
3814,202,1601.0,1.1417105909999998,4.96,13
3815,203,1602.0,1.149938628,4.96,13
3816,204,1603.0,1.157770325,4.96,13
3817,205,1604.0,1.1647165659999998,4.96,13
3818,206,1605.0,1.170613532,4.96,13
3819,207,1606.0,1.176395412,4.96,13
3820,208,1607.0,1.181399876,4.96,13
3821,209,1608.0,1.186401992,4.96,13
3822,210,1609.0,1.190409439,4.96,13
3823,211,1610.0,1.195306451,4.96,13
3824,212,1611.0,1.1995669690000001,4.96,13
3825,213,1612.0,1.206256617,4.96,13
3826,214,1613.0,1.215103533,4.96,13
3827,215,1614.0,1.22279196,4.96,13
3828,216,1615.0,1.229752293,4.96,13
3829,217,1616.0,1.237156529,4.96,13
3830,218,1617.0,1.243132763,4.96,13
3831,219,1618.0,1.2498840629999999,4.96,13
3832,220,1619.0,1.258610022,4.96,13
3833,221,1620.0,1.265994881,4.96,13
3834,222,1621.0,1.272438503,4.96,13
3835,223,1622.0,1.279035965,4.96,13
3836,224,1623.0,1.285210663,4.96,13
3837,225,1624.0,1.290887439,4.96,13
3838,226,1625.0,1.295992897,4.96,13
3839,227,1626.0,1.2990003909999999,4.96,13
3840,228,1627.0,1.300050254,4.96,13
3841,229,1628.0,1.3005687259999998,4.96,13
3842,230,1629.0,1.301208744,4.96,13
3843,231,1630.0,1.3028211170000001,4.96,13
3844,232,1631.0,1.30372771,4.96,13
3845,233,1632.0,1.3048339420000001,4.96,13
3846,234,1633.0,1.305798665,4.96,13
3847,235,1634.0,1.304804583,4.96,13
3848,236,1635.0,1.303633176,4.96,13
3849,237,1636.0,1.302461768,4.96,13
3850,238,1637.0,1.3012786170000001,4.96,13
3851,239,1638.0,1.299590498,4.96,13
3852,240,1639.0,1.298740274,4.96,13
3853,241,1640.0,1.2979100129999999,4.96,13
3854,242,1641.0,1.2941832340000001,4.96,13
3855,243,1642.0,1.290354287,4.96,13
3856,244,1643.0,1.286168927,4.96,13
3857,245,1644.0,1.2790471209999998,4.96,13
3858,246,1645.0,1.270827304,4.96,13
3859,247,1646.0,1.262364985,4.96,13
3860,248,1647.0,1.251744223,4.96,13
3861,249,1648.0,1.240469352,4.96,13
3862,250,1649.0,1.229728807,4.96,13
3863,251,1650.0,1.2170241720000001,4.96,13
3864,252,1651.0,1.203765247,4.96,13
3865,253,1652.0,1.191010703,4.96,13
3866,254,1653.0,1.1774200259999998,4.96,13
3867,255,1654.0,1.161983282,4.96,13
3868,256,1655.0,1.142529108,4.96,13
3869,257,1656.0,1.120186637,4.96,13
3870,258,1657.0,1.095728586,4.96,13
3871,259,1658.0,1.068837882,4.96,13
3872,260,1659.0,1.041452193,4.96,13
3873,261,1660.0,1.012432992,4.96,13
3874,262,1661.0,0.981701598,4.96,13
3875,263,1662.0,0.952947212,4.96,13
3876,264,1663.0,0.9268339240000001,4.96,13
3877,265,1664.0,0.904517875,4.96,13
3878,266,1665.0,0.886354305,4.96,13
3879,267,1666.0,0.869929938,4.96,13
3880,268,1667.0,0.857047977,4.96,13
3881,269,1668.0,0.8452851659999999,4.96,13
3882,270,1669.0,0.833619825,4.96,13
3883,271,1670.0,0.82211537,4.96,13
3884,272,1671.0,0.8083227059999999,4.96,13
3885,273,1672.0,0.79271803,4.96,13
3886,274,1673.0,0.773637885,4.96,13
3887,275,1674.0,0.75139171,4.96,13
3888,276,1675.0,0.72489265,4.96,13
3889,277,1676.0,0.693086732,4.96,13
3890,278,1677.0,0.656869393,4.96,13
3891,279,1678.0,0.616820171,4.96,13
3892,280,1679.0,0.572821926,4.96,13
3893,281,1680.0,0.524501509,4.96,13
3894,282,1681.0,0.47231809,4.96,13
3895,283,1682.0,0.41593110899999997,4.96,13
3896,284,1683.0,0.35619754200000003,4.96,13
3897,285,1684.0,0.29218731,4.96,13
3898,286,1685.0,0.224948221,4.96,13
3899,287,1686.0,0.154299425,4.96,13
3900,288,1687.0,0.080307274,4.96,13
3901,289,1688.0,0.001130103,4.96,13
3902,290,1689.0,-0.076579726,4.96,13
3903,291,1690.0,-0.158035711,4.96,13
3904,292,1691.0,-0.234715347,4.96,13
3905,293,1692.0,-0.31053595100000003,4.96,13
3906,294,1693.0,-0.383061641,4.96,13
3907,295,1694.0,-0.453046933,4.96,13
3908,296,1695.0,-0.5244056189999999,4.96,13
3909,297,1696.0,-0.595131334,4.96,13
3910,298,1697.0,-0.668690152,4.96,13
3911,299,1698.0,-0.747275748,4.96,13
3912,300,1699.0,-0.829710548,4.96,13
3913,301,1700.0,-0.914076262,4.96,13
5118,1,1400.0,-0.617856863,4.27,18
5119,2,1401.0,-0.679271092,4.27,18
5120,3,1402.0,-0.7413090609999999,4.27,18
5121,4,1403.0,-0.799620243,4.27,18
5122,5,1404.0,-0.8558100540000001,4.27,18
5123,6,1405.0,-0.908987691,4.27,18
5124,7,1406.0,-0.959919765,4.27,18
5125,8,1407.0,-1.008308921,4.27,18
5126,9,1408.0,-1.053165152,4.27,18
5127,10,1409.0,-1.095417631,4.27,18
5128,11,1410.0,-1.135978365,4.27,18
5129,12,1411.0,-1.173560496,4.27,18
5130,13,1412.0,-1.207271203,4.27,18
5131,14,1413.0,-1.237111493,4.27,18
5132,15,1414.0,-1.26247858,4.27,18
5133,16,1415.0,-1.28479361,4.27,18
5134,17,1416.0,-1.305783414,4.27,18
5135,18,1417.0,-1.3242285329999999,4.27,18
5136,19,1418.0,-1.340660824,4.27,18
5137,20,1419.0,-1.355455136,4.27,18
5138,21,1420.0,-1.3681525630000002,4.27,18
5139,22,1421.0,-1.3800404659999999,4.27,18
5140,23,1422.0,-1.390884849,4.27,18
5141,24,1423.0,-1.401703485,4.27,18
5142,25,1424.0,-1.4121969980000002,4.27,18
5143,26,1425.0,-1.4228369180000002,4.27,18
5144,27,1426.0,-1.431376166,4.27,18
5145,28,1427.0,-1.4390367259999999,4.27,18
5146,29,1428.0,-1.445280179,4.27,18
5147,30,1429.0,-1.449318204,4.27,18
5148,31,1430.0,-1.4538678919999999,4.27,18
5149,32,1431.0,-1.458780314,4.27,18
5150,33,1432.0,-1.46210928,4.27,18
5151,34,1433.0,-1.464750391,4.27,18
5152,35,1434.0,-1.465975909,4.27,18
5153,36,1435.0,-1.465789873,4.27,18
5154,37,1436.0,-1.465298404,4.27,18
5155,38,1437.0,-1.464733227,4.27,18
5156,39,1438.0,-1.464072381,4.27,18
5157,40,1439.0,-1.463656134,4.27,18
5158,41,1440.0,-1.46147191,4.27,18
5159,42,1441.0,-1.4583244359999998,4.27,18
5160,43,1442.0,-1.4547276480000002,4.27,18
5161,44,1443.0,-1.449815479,4.27,18
5162,45,1444.0,-1.445134783,4.27,18
5163,46,1445.0,-1.441449142,4.27,18
5164,47,1446.0,-1.43740935,4.27,18
5165,48,1447.0,-1.432183165,4.27,18
5166,49,1448.0,-1.426995854,4.27,18
5167,50,1449.0,-1.4222010619999998,4.27,18
5168,51,1450.0,-1.416927675,4.27,18
5169,52,1451.0,-1.411507881,4.27,18
5170,53,1452.0,-1.4061418540000001,4.27,18
5171,54,1453.0,-1.400344939,4.27,18
5172,55,1454.0,-1.393253595,4.27,18
5173,56,1455.0,-1.387042705,4.27,18
5174,57,1456.0,-1.381900325,4.27,18
5175,58,1457.0,-1.375599825,4.27,18
5176,59,1458.0,-1.368732885,4.27,18
5177,60,1459.0,-1.3617917330000002,4.27,18
5178,61,1460.0,-1.354862445,4.27,18
5179,62,1461.0,-1.3463852930000002,4.27,18
5180,63,1462.0,-1.337114773,4.27,18
5181,64,1463.0,-1.327961882,4.27,18
5182,65,1464.0,-1.318355891,4.27,18
5183,66,1465.0,-1.307208347,4.27,18
5184,67,1466.0,-1.295725332,4.27,18
5185,68,1467.0,-1.283440366,4.27,18
5186,69,1468.0,-1.269149134,4.27,18
5187,70,1469.0,-1.254578975,4.27,18
5188,71,1470.0,-1.240421023,4.27,18
5189,72,1471.0,-1.2250887959999999,4.27,18
5190,73,1472.0,-1.208691339,4.27,18
5191,74,1473.0,-1.191353857,4.27,18
5192,75,1474.0,-1.173259607,4.27,18
5193,76,1475.0,-1.155062621,4.27,18
5194,77,1476.0,-1.137114272,4.27,18
5195,78,1477.0,-1.119654616,4.27,18
5196,79,1478.0,-1.101382155,4.27,18
5197,80,1479.0,-1.082362267,4.27,18
5198,81,1480.0,-1.062936229,4.27,18
5199,82,1481.0,-1.042356109,4.27,18
5200,83,1482.0,-1.021787348,4.27,18
5201,84,1483.0,-1.0017405990000001,4.27,18
5202,85,1484.0,-0.9815757159999999,4.27,18
5203,86,1485.0,-0.9609521790000001,4.27,18
5204,87,1486.0,-0.939988375,4.27,18
5205,88,1487.0,-0.918494732,4.27,18
5206,89,1488.0,-0.8974912970000001,4.27,18
5207,90,1489.0,-0.8762589140000001,4.27,18
5208,91,1490.0,-0.8552600220000001,4.27,18
5209,92,1491.0,-0.8345814570000001,4.27,18
5210,93,1492.0,-0.813802679,4.27,18
5211,94,1493.0,-0.7934547890000001,4.27,18
5212,95,1494.0,-0.772153746,4.27,18
5213,96,1495.0,-0.750602804,4.27,18
5214,97,1496.0,-0.728986988,4.27,18
5215,98,1497.0,-0.706309225,4.27,18
5216,99,1498.0,-0.6836203559999999,4.27,18
5217,100,1499.0,-0.660966069,4.27,18
5218,101,1500.0,-0.6385144779999999,4.27,18
5219,102,1501.0,-0.615301829,4.27,18
5220,103,1502.0,-0.593061517,4.27,18
5221,104,1503.0,-0.572026781,4.27,18
5222,105,1504.0,-0.550247395,4.27,18
5223,106,1505.0,-0.528395815,4.27,18
5224,107,1506.0,-0.50748502,4.27,18
5225,108,1507.0,-0.485601635,4.27,18
5226,109,1508.0,-0.463199519,4.27,18
5227,110,1509.0,-0.44111343799999997,4.27,18
5228,111,1510.0,-0.418427345,4.27,18
5229,112,1511.0,-0.395385335,4.27,18
5230,113,1512.0,-0.372909007,4.27,18
5231,114,1513.0,-0.351192726,4.27,18
5232,115,1514.0,-0.328787581,4.27,18
5233,116,1515.0,-0.306283739,4.27,18
5234,117,1516.0,-0.285287372,4.27,18
5235,118,1517.0,-0.264156715,4.27,18
5236,119,1518.0,-0.24321159,4.27,18
5237,120,1519.0,-0.223319325,4.27,18
5238,121,1520.0,-0.20243755800000002,4.27,18
5239,122,1521.0,-0.181082496,4.27,18
5240,123,1522.0,-0.15935132300000002,4.27,18
5241,124,1523.0,-0.137617626,4.27,18
5242,125,1524.0,-0.11725761900000001,4.27,18
5243,126,1525.0,-0.09664670300000001,4.27,18
5244,127,1526.0,-0.076464151,4.27,18
5245,128,1527.0,-0.056226822,4.27,18
5246,129,1528.0,-0.035931941,4.27,18
5247,130,1529.0,-0.015659273,4.27,18
5248,131,1530.0,0.004377125999999999,4.27,18
5249,132,1531.0,0.025003187000000003,4.27,18
5250,133,1532.0,0.045528279000000005,4.27,18
5251,134,1533.0,0.066445133,4.27,18
5252,135,1534.0,0.088291411,4.27,18
5253,136,1535.0,0.109276419,4.27,18
5254,137,1536.0,0.12997618800000002,4.27,18
5255,138,1537.0,0.150936964,4.27,18
5256,139,1538.0,0.17192601100000002,4.27,18
5257,140,1539.0,0.192584382,4.27,18
5258,141,1540.0,0.213150872,4.27,18
5259,142,1541.0,0.233561363,4.27,18
5260,143,1542.0,0.253746187,4.27,18
5261,144,1543.0,0.27338527100000004,4.27,18
5262,145,1544.0,0.294066361,4.27,18
5263,146,1545.0,0.315454238,4.27,18
5264,147,1546.0,0.335682479,4.27,18
5265,148,1547.0,0.355827925,4.27,18
5266,149,1548.0,0.374835949,4.27,18
5267,150,1549.0,0.39292717,4.27,18
5268,151,1550.0,0.41171811,4.27,18
5269,152,1551.0,0.43050046700000005,4.27,18
5270,153,1552.0,0.44933583299999996,4.27,18
5271,154,1553.0,0.468181296,4.27,18
5272,155,1554.0,0.486486572,4.27,18
5273,156,1555.0,0.5045485120000001,4.27,18
5274,157,1556.0,0.521939003,4.27,18
5275,158,1557.0,0.538038599,4.27,18
5276,159,1558.0,0.554507239,4.27,18
5277,160,1559.0,0.5714292320000001,4.27,18
5278,161,1560.0,0.589188768,4.27,18
5279,162,1561.0,0.607461734,4.27,18
5280,163,1562.0,0.623993984,4.27,18
5281,164,1563.0,0.640453032,4.27,18
5282,165,1564.0,0.656399659,4.27,18
5283,166,1565.0,0.671300242,4.27,18
5284,167,1566.0,0.687394284,4.27,18
5285,168,1567.0,0.7028966459999999,4.27,18
5286,169,1568.0,0.716724427,4.27,18
5287,170,1569.0,0.73065873,4.27,18
5288,171,1570.0,0.7447702359999999,4.27,18
5289,172,1571.0,0.758958983,4.27,18
5290,173,1572.0,0.773625821,4.27,18
5291,174,1573.0,0.7892543940000001,4.27,18
5292,175,1574.0,0.804231713,4.27,18
5293,176,1575.0,0.8189126870000001,4.27,18
5294,177,1576.0,0.834009151,4.27,18
5295,178,1577.0,0.8489375,4.27,18
5296,179,1578.0,0.8642051070000001,4.27,18
5297,180,1579.0,0.880401634,4.27,18
5298,181,1580.0,0.8955955329999999,4.27,18
5299,182,1581.0,0.910905042,4.27,18
5300,183,1582.0,0.925086216,4.27,18
5301,184,1583.0,0.9381329979999999,4.27,18
5302,185,1584.0,0.9513781840000001,4.27,18
5303,186,1585.0,0.963892856,4.27,18
5304,187,1586.0,0.976881075,4.27,18
5305,188,1587.0,0.9902474259999999,4.27,18
5306,189,1588.0,1.002708079,4.27,18
5307,190,1589.0,1.015164693,4.27,18
5308,191,1590.0,1.0271861290000002,4.27,18
5309,192,1591.0,1.038098414,4.27,18
5310,193,1592.0,1.0495852159999999,4.27,18
5311,194,1593.0,1.061304247,4.27,18
5312,195,1594.0,1.0721953290000001,4.27,18
5313,196,1595.0,1.0833812409999999,4.27,18
5314,197,1596.0,1.0938078629999999,4.27,18
5315,198,1597.0,1.102795163,4.27,18
5316,199,1598.0,1.1126018309999999,4.27,18
5317,200,1599.0,1.122393354,4.27,18
5318,201,1600.0,1.131958705,4.27,18
5319,202,1601.0,1.1427796129999999,4.27,18
5320,203,1602.0,1.151803262,4.27,18
5321,204,1603.0,1.159894963,4.27,18
5322,205,1604.0,1.167110247,4.27,18
5323,206,1605.0,1.172747378,4.27,18
5324,207,1606.0,1.178243151,4.27,18
5325,208,1607.0,1.182414708,4.27,18
5326,209,1608.0,1.18766563,4.27,18
5327,210,1609.0,1.192852941,4.27,18
5328,211,1610.0,1.198656671,4.27,18
5329,212,1611.0,1.205714443,4.27,18
5330,213,1612.0,1.21176252,4.27,18
5331,214,1613.0,1.217468814,4.27,18
5332,215,1614.0,1.224883009,4.27,18
5333,216,1615.0,1.232289126,4.27,18
5334,217,1616.0,1.2401849459999998,4.27,18
5335,218,1617.0,1.24869567,4.27,18
5336,219,1618.0,1.256028079,4.27,18
5337,220,1619.0,1.263444293,4.27,18
5338,221,1620.0,1.270778217,4.27,18
5339,222,1621.0,1.277468965,4.27,18
5340,223,1622.0,1.283695252,4.27,18
5341,224,1623.0,1.289040076,4.27,18
5342,225,1624.0,1.292751717,4.27,18
5343,226,1625.0,1.295599058,4.27,18
5344,227,1626.0,1.298777075,4.27,18
5345,228,1627.0,1.3003315020000001,4.27,18
5346,229,1628.0,1.3010438420000001,4.27,18
5347,230,1629.0,1.301368459,4.27,18
5348,231,1630.0,1.299909449,4.27,18
5349,232,1631.0,1.299087557,4.27,18
5350,233,1632.0,1.299435397,4.27,18
5351,234,1633.0,1.300204785,4.27,18
5352,235,1634.0,1.301200345,4.27,18
5353,236,1635.0,1.301494671,4.27,18
5354,237,1636.0,1.3016022040000002,4.27,18
5355,238,1637.0,1.300511227,4.27,18
5356,239,1638.0,1.299266273,4.27,18
5357,240,1639.0,1.299021422,4.27,18
5358,241,1640.0,1.296327049,4.27,18
5359,242,1641.0,1.292048969,4.27,18
5360,243,1642.0,1.287573998,4.27,18
5361,244,1643.0,1.28111649,4.27,18
5362,245,1644.0,1.273049022,4.27,18
5363,246,1645.0,1.264530725,4.27,18
5364,247,1646.0,1.25507947,4.27,18
5365,248,1647.0,1.242717767,4.27,18
5366,249,1648.0,1.230170785,4.27,18
5367,250,1649.0,1.218677925,4.27,18
5368,251,1650.0,1.205519067,4.27,18
5369,252,1651.0,1.1931977520000001,4.27,18
5370,253,1652.0,1.181004668,4.27,18
5371,254,1653.0,1.168070468,4.27,18
5372,255,1654.0,1.153472289,4.27,18
5373,256,1655.0,1.135290701,4.27,18
5374,257,1656.0,1.114449069,4.27,18
5375,258,1657.0,1.08786328,4.27,18
5376,259,1658.0,1.059595338,4.27,18
5377,260,1659.0,1.0309214979999999,4.27,18
5378,261,1660.0,0.9994821009999999,4.27,18
5379,262,1661.0,0.969727887,4.27,18
5380,263,1662.0,0.9418335320000001,4.27,18
5381,264,1663.0,0.916343262,4.27,18
5382,265,1664.0,0.8948135229999999,4.27,18
5383,266,1665.0,0.87646786,4.27,18
5384,267,1666.0,0.8599734729999999,4.27,18
5385,268,1667.0,0.845953849,4.27,18
5386,269,1668.0,0.833470983,4.27,18
5387,270,1669.0,0.822147752,4.27,18
5388,271,1670.0,0.810916403,4.27,18
5389,272,1671.0,0.796883149,4.27,18
5390,273,1672.0,0.780140377,4.27,18
5391,274,1673.0,0.7600933759999999,4.27,18
5392,275,1674.0,0.737136432,4.27,18
5393,276,1675.0,0.710949473,4.27,18
5394,277,1676.0,0.67978118,4.27,18
5395,278,1677.0,0.642223028,4.27,18
5396,279,1678.0,0.599989986,4.27,18
5397,280,1679.0,0.554712207,4.27,18
5398,281,1680.0,0.503953801,4.27,18
5399,282,1681.0,0.451792927,4.27,18
5400,283,1682.0,0.397777747,4.27,18
5401,284,1683.0,0.338339493,4.27,18
5402,285,1684.0,0.27499624100000003,4.27,18
5403,286,1685.0,0.207458208,4.27,18
5404,287,1686.0,0.13443702300000002,4.27,18
5405,288,1687.0,0.06081406,4.27,18
5406,289,1688.0,-0.016799724,4.27,18
5407,290,1689.0,-0.093909166,4.27,18
5408,291,1690.0,-0.17339215,4.27,18
5409,292,1691.0,-0.24982762,4.27,18
5410,293,1692.0,-0.32664803600000003,4.27,18
5411,294,1693.0,-0.399549572,4.27,18
5412,295,1694.0,-0.472597261,4.27,18
5413,296,1695.0,-0.545848404,4.27,18
5414,297,1696.0,-0.618202684,4.27,18
5415,298,1697.0,-0.694277945,4.27,18
5416,299,1698.0,-0.7716322379999999,4.27,18
5417,300,1699.0,-0.8514330240000001,4.27,18
5418,301,1700.0,-0.9342598670000001,4.27,18
6623,1,1400.0,-0.634152759,3.71,23
6624,2,1401.0,-0.695083393,3.71,23
6625,3,1402.0,-0.7538843540000001,3.71,23
6626,4,1403.0,-0.8120852340000001,3.71,23
6627,5,1404.0,-0.86928999,3.71,23
6628,6,1405.0,-0.92264096,3.71,23
6629,7,1406.0,-0.9742353490000001,3.71,23
6630,8,1407.0,-1.02509503,3.71,23
6631,9,1408.0,-1.070259818,3.71,23
6632,10,1409.0,-1.11259857,3.71,23
6633,11,1410.0,-1.153551313,3.71,23
6634,12,1411.0,-1.1900549470000001,3.71,23
6635,13,1412.0,-1.223759975,3.71,23
6636,14,1413.0,-1.25402937,3.71,23
6637,15,1414.0,-1.280158092,3.71,23
6638,16,1415.0,-1.302473053,3.71,23
6639,17,1416.0,-1.321380369,3.71,23
6640,18,1417.0,-1.338530824,3.71,23
6641,19,1418.0,-1.3536392119999998,3.71,23
6642,20,1419.0,-1.368377587,3.71,23
6643,21,1420.0,-1.3823445890000001,3.71,23
6644,22,1421.0,-1.3940358169999998,3.71,23
6645,23,1422.0,-1.405414129,3.71,23
6646,24,1423.0,-1.415537141,3.71,23
6647,25,1424.0,-1.424537519,3.71,23
6648,26,1425.0,-1.432387835,3.71,23
6649,27,1426.0,-1.439723996,3.71,23
6650,28,1427.0,-1.4457623130000001,3.71,23
6651,29,1428.0,-1.451613665,3.71,23
6652,30,1429.0,-1.457293444,3.71,23
6653,31,1430.0,-1.461944914,3.71,23
6654,32,1431.0,-1.46579898,3.71,23
6655,33,1432.0,-1.4691111819999998,3.71,23
6656,34,1433.0,-1.4719481330000002,3.71,23
6657,35,1434.0,-1.473484721,3.71,23
6658,36,1435.0,-1.4744369030000002,3.71,23
6659,37,1436.0,-1.473877965,3.71,23
6660,38,1437.0,-1.471686997,3.71,23
6661,39,1438.0,-1.46979355,3.71,23
6662,40,1439.0,-1.46720514,3.71,23
6663,41,1440.0,-1.4636424380000002,3.71,23
6664,42,1441.0,-1.460210724,3.71,23
6665,43,1442.0,-1.455532945,3.71,23
6666,44,1443.0,-1.4495338119999999,3.71,23
6667,45,1444.0,-1.4443329219999999,3.71,23
6668,46,1445.0,-1.439470697,3.71,23
6669,47,1446.0,-1.4339703259999999,3.71,23
6670,48,1447.0,-1.428589467,3.71,23
6671,49,1448.0,-1.4232080480000002,3.71,23
6672,50,1449.0,-1.41777513,3.71,23
6673,51,1450.0,-1.411807905,3.71,23
6674,52,1451.0,-1.405756153,3.71,23
6675,53,1452.0,-1.4006221559999998,3.71,23
6676,54,1453.0,-1.395143896,3.71,23
6677,55,1454.0,-1.389526531,3.71,23
6678,56,1455.0,-1.383965424,3.71,23
6679,57,1456.0,-1.379136226,3.71,23
6680,58,1457.0,-1.3724188990000001,3.71,23
6681,59,1458.0,-1.3653461130000002,3.71,23
6682,60,1459.0,-1.3571565719999998,3.71,23
6683,61,1460.0,-1.346924964,3.71,23
6684,62,1461.0,-1.3371809209999999,3.71,23
6685,63,1462.0,-1.327496775,3.71,23
6686,64,1463.0,-1.316676281,3.71,23
6687,65,1464.0,-1.305229116,3.71,23
6688,66,1465.0,-1.2935440459999998,3.71,23
6689,67,1466.0,-1.2809999970000001,3.71,23
6690,68,1467.0,-1.268643474,3.71,23
6691,69,1468.0,-1.255810301,3.71,23
6692,70,1469.0,-1.24174086,3.71,23
6693,71,1470.0,-1.22656082,3.71,23
6694,72,1471.0,-1.2099298379999999,3.71,23
6695,73,1472.0,-1.192669947,3.71,23
6696,74,1473.0,-1.1747783459999999,3.71,23
6697,75,1474.0,-1.157012696,3.71,23
6698,76,1475.0,-1.1390611990000001,3.71,23
6699,77,1476.0,-1.12038759,3.71,23
6700,78,1477.0,-1.10204313,3.71,23
6701,79,1478.0,-1.0831293770000001,3.71,23
6702,80,1479.0,-1.062911342,3.71,23
6703,81,1480.0,-1.04213325,3.71,23
6704,82,1481.0,-1.022076431,3.71,23
6705,83,1482.0,-1.0024814290000001,3.71,23
6706,84,1483.0,-0.981625528,3.71,23
6707,85,1484.0,-0.9602518329999999,3.71,23
6708,86,1485.0,-0.938919562,3.71,23
6709,87,1486.0,-0.917355823,3.71,23
6710,88,1487.0,-0.894528667,3.71,23
6711,89,1488.0,-0.873656812,3.71,23
6712,90,1489.0,-0.8541835609999999,3.71,23
6713,91,1490.0,-0.833190795,3.71,23
6714,92,1491.0,-0.8124924720000001,3.71,23
6715,93,1492.0,-0.7915531640000001,3.71,23
6716,94,1493.0,-0.769601779,3.71,23
6717,95,1494.0,-0.748010611,3.71,23
6718,96,1495.0,-0.7269154059999999,3.71,23
6719,97,1496.0,-0.7049889309999999,3.71,23
6720,98,1497.0,-0.682419832,3.71,23
6721,99,1498.0,-0.660002153,3.71,23
6722,100,1499.0,-0.637208863,3.71,23
6723,101,1500.0,-0.615062955,3.71,23
6724,102,1501.0,-0.592206411,3.71,23
6725,103,1502.0,-0.568700245,3.71,23
6726,104,1503.0,-0.5460964389999999,3.71,23
6727,105,1504.0,-0.523024101,3.71,23
6728,106,1505.0,-0.500916258,3.71,23
6729,107,1506.0,-0.48006091700000003,3.71,23
6730,108,1507.0,-0.458604375,3.71,23
6731,109,1508.0,-0.437177782,3.71,23
6732,110,1509.0,-0.415492291,3.71,23
6733,111,1510.0,-0.393327351,3.71,23
6734,112,1511.0,-0.371253935,3.71,23
6735,113,1512.0,-0.349340895,3.71,23
6736,114,1513.0,-0.326555442,3.71,23
6737,115,1514.0,-0.302665548,3.71,23
6738,116,1515.0,-0.279372937,3.71,23
6739,117,1516.0,-0.256062973,3.71,23
6740,118,1517.0,-0.233817145,3.71,23
6741,119,1518.0,-0.213823022,3.71,23
6742,120,1519.0,-0.193402068,3.71,23
6743,121,1520.0,-0.172116538,3.71,23
6744,122,1521.0,-0.151427731,3.71,23
6745,123,1522.0,-0.131554519,3.71,23
6746,124,1523.0,-0.11188366699999999,3.71,23
6747,125,1524.0,-0.09232449,3.71,23
6748,126,1525.0,-0.072539443,3.71,23
6749,127,1526.0,-0.052810094,3.71,23
6750,128,1527.0,-0.032227644,3.71,23
6751,129,1528.0,-0.010765785,3.71,23
6752,130,1529.0,0.009523061999999999,3.71,23
6753,131,1530.0,0.029631099999999997,3.71,23
6754,132,1531.0,0.049727663,3.71,23
6755,133,1532.0,0.069116947,3.71,23
6756,134,1533.0,0.089100435,3.71,23
6757,135,1534.0,0.109408034,3.71,23
6758,136,1535.0,0.129909316,3.71,23
6759,137,1536.0,0.150863738,3.71,23
6760,138,1537.0,0.17132779399999998,3.71,23
6761,139,1538.0,0.19138209399999997,3.71,23
6762,140,1539.0,0.21230712699999998,3.71,23
6763,141,1540.0,0.233650314,3.71,23
6764,142,1541.0,0.254212612,3.71,23
6765,143,1542.0,0.27452133,3.71,23
6766,144,1543.0,0.29623397,3.71,23
6767,145,1544.0,0.316828175,3.71,23
6768,146,1545.0,0.336899548,3.71,23
6769,147,1546.0,0.358149812,3.71,23
6770,148,1547.0,0.378017426,3.71,23
6771,149,1548.0,0.396319903,3.71,23
6772,150,1549.0,0.415778319,3.71,23
6773,151,1550.0,0.434708307,3.71,23
6774,152,1551.0,0.452128015,3.71,23
6775,153,1552.0,0.470827933,3.71,23
6776,154,1553.0,0.48917631200000006,3.71,23
6777,155,1554.0,0.506680547,3.71,23
6778,156,1555.0,0.526125529,3.71,23
6779,157,1556.0,0.545083505,3.71,23
6780,158,1557.0,0.562342557,3.71,23
6781,159,1558.0,0.5795338760000001,3.71,23
6782,160,1559.0,0.59520484,3.71,23
6783,161,1560.0,0.6104537320000001,3.71,23
6784,162,1561.0,0.626838972,3.71,23
6785,163,1562.0,0.642985186,3.71,23
6786,164,1563.0,0.659431442,3.71,23
6787,165,1564.0,0.67524235,3.71,23
6788,166,1565.0,0.689539621,3.71,23
6789,167,1566.0,0.704612183,3.71,23
6790,168,1567.0,0.719349998,3.71,23
6791,169,1568.0,0.734217122,3.71,23
6792,170,1569.0,0.7498259509999999,3.71,23
6793,171,1570.0,0.763512505,3.71,23
6794,172,1571.0,0.776876627,3.71,23
6795,173,1572.0,0.7911453490000001,3.71,23
6796,174,1573.0,0.805304914,3.71,23
6797,175,1574.0,0.819998507,3.71,23
6798,176,1575.0,0.835554157,3.71,23
6799,177,1576.0,0.850933477,3.71,23
6800,178,1577.0,0.866365976,3.71,23
6801,179,1578.0,0.8811810409999999,3.71,23
6802,180,1579.0,0.896346526,3.71,23
6803,181,1580.0,0.911267948,3.71,23
6804,182,1581.0,0.9257029240000001,3.71,23
6805,183,1582.0,0.939721985,3.71,23
6806,184,1583.0,0.953719215,3.71,23
6807,185,1584.0,0.9669154040000001,3.71,23
6808,186,1585.0,0.9792876009999999,3.71,23
6809,187,1586.0,0.991814856,3.71,23
6810,188,1587.0,1.003782893,3.71,23
6811,189,1588.0,1.016171883,3.71,23
6812,190,1589.0,1.028909055,3.71,23
6813,191,1590.0,1.041036069,3.71,23
6814,192,1591.0,1.053535895,3.71,23
6815,193,1592.0,1.065180381,3.71,23
6816,194,1593.0,1.075448935,3.71,23
6817,195,1594.0,1.086121648,3.71,23
6818,196,1595.0,1.097071451,3.71,23
6819,197,1596.0,1.107112175,3.71,23
6820,198,1597.0,1.1168495,3.71,23
6821,199,1598.0,1.126562195,3.71,23
6822,200,1599.0,1.135050098,3.71,23
6823,201,1600.0,1.14388954,3.71,23
6824,202,1601.0,1.154317071,3.71,23
6825,203,1602.0,1.162597296,3.71,23
6826,204,1603.0,1.170079279,3.71,23
6827,205,1604.0,1.17686042,3.71,23
6828,206,1605.0,1.181396855,3.71,23
6829,207,1606.0,1.186443247,3.71,23
6830,208,1607.0,1.190838618,3.71,23
6831,209,1608.0,1.195737788,3.71,23
6832,210,1609.0,1.200589937,3.71,23
6833,211,1610.0,1.20598563,3.71,23
6834,212,1611.0,1.211367329,3.71,23
6835,213,1612.0,1.218118242,3.71,23
6836,214,1613.0,1.226212621,3.71,23
6837,215,1614.0,1.234174333,3.71,23
6838,216,1615.0,1.240729325,3.71,23
6839,217,1616.0,1.24657004,3.71,23
6840,218,1617.0,1.25099452,3.71,23
6841,219,1618.0,1.25662364,3.71,23
6842,220,1619.0,1.264670998,3.71,23
6843,221,1620.0,1.272815756,3.71,23
6844,222,1621.0,1.281324371,3.71,23
6845,223,1622.0,1.288249375,3.71,23
6846,224,1623.0,1.293315919,3.71,23
6847,225,1624.0,1.297639638,3.71,23
6848,226,1625.0,1.299601098,3.71,23
6849,227,1626.0,1.29972033,3.71,23
6850,228,1627.0,1.299472349,3.71,23
6851,229,1628.0,1.299757276,3.71,23
6852,230,1629.0,1.300537605,3.71,23
6853,231,1630.0,1.300954079,3.71,23
6854,232,1631.0,1.300709457,3.71,23
6855,233,1632.0,1.300163674,3.71,23
6856,234,1633.0,1.299702977,3.71,23
6857,235,1634.0,1.3001502390000002,3.71,23
6858,236,1635.0,1.300818053,3.71,23
6859,237,1636.0,1.299963833,3.71,23
6860,238,1637.0,1.298625406,3.71,23
6861,239,1638.0,1.296735598,3.71,23
6862,240,1639.0,1.294866502,3.71,23
6863,241,1640.0,1.292930232,3.71,23
6864,242,1641.0,1.288614909,3.71,23
6865,243,1642.0,1.282394665,3.71,23
6866,244,1643.0,1.274726836,3.71,23
6867,245,1644.0,1.265934415,3.71,23
6868,246,1645.0,1.256962305,3.71,23
6869,247,1646.0,1.246907026,3.71,23
6870,248,1647.0,1.234547145,3.71,23
6871,249,1648.0,1.2213951779999999,3.71,23
6872,250,1649.0,1.207281515,3.71,23
6873,251,1650.0,1.192958494,3.71,23
6874,252,1651.0,1.18025379,3.71,23
6875,253,1652.0,1.166848244,3.71,23
6876,254,1653.0,1.153042458,3.71,23
6877,255,1654.0,1.137210838,3.71,23
6878,256,1655.0,1.116762735,3.71,23
6879,257,1656.0,1.093317585,3.71,23
6880,258,1657.0,1.066426445,3.71,23
6881,259,1658.0,1.036682681,3.71,23
6882,260,1659.0,1.006126681,3.71,23
6883,261,1660.0,0.9743285340000001,3.71,23
6884,262,1661.0,0.9406926390000001,3.71,23
6885,263,1662.0,0.909771663,3.71,23
6886,264,1663.0,0.8830837229999999,3.71,23
6887,265,1664.0,0.8585430890000001,3.71,23
6888,266,1665.0,0.838676035,3.71,23
6889,267,1666.0,0.822196193,3.71,23
6890,268,1667.0,0.8071516190000001,3.71,23
6891,269,1668.0,0.7935087279999999,3.71,23
6892,270,1669.0,0.7812305740000001,3.71,23
6893,271,1670.0,0.7687732909999999,3.71,23
6894,272,1671.0,0.754967505,3.71,23
6895,273,1672.0,0.737707893,3.71,23
6896,274,1673.0,0.71572824,3.71,23
6897,275,1674.0,0.6907067570000001,3.71,23
6898,276,1675.0,0.66031533,3.71,23
6899,277,1676.0,0.625733412,3.71,23
6900,278,1677.0,0.58829383,3.71,23
6901,279,1678.0,0.547210658,3.71,23
6902,280,1679.0,0.5023568270000001,3.71,23
6903,281,1680.0,0.454365444,3.71,23
6904,282,1681.0,0.40080147899999996,3.71,23
6905,283,1682.0,0.342340023,3.71,23
6906,284,1683.0,0.28062794,3.71,23
6907,285,1684.0,0.214112969,3.71,23
6908,286,1685.0,0.14422394,3.71,23
6909,287,1686.0,0.070579925,3.71,23
6910,288,1687.0,-0.0057177140000000005,3.71,23
6911,289,1688.0,-0.087954869,3.71,23
6912,290,1689.0,-0.166580901,3.71,23
6913,291,1690.0,-0.24671665199999998,3.71,23
6914,292,1691.0,-0.324445921,3.71,23
6915,293,1692.0,-0.40079394,3.71,23
6916,294,1693.0,-0.476372265,3.71,23
6917,295,1694.0,-0.5515553870000001,3.71,23
6918,296,1695.0,-0.624777889,3.71,23
6919,297,1696.0,-0.69730011,3.71,23
6920,298,1697.0,-0.774171521,3.71,23
6921,299,1698.0,-0.8534289820000001,3.71,23
6922,300,1699.0,-0.936081212,3.71,23
6923,301,1700.0,-1.021166793,3.71,23
