i_lambda,lambda,logA,run
1,1400,-0.483816761525493,1
2,1401,-0.546863015368919,1
3,1402,-0.609984406742481,1
4,1403,-0.669958526881273,1
5,1404,-0.728187353444891,1
6,1405,-0.783649167262618,1
7,1406,-0.836622472431639,1
8,1407,-0.888156225560613,1
9,1408,-0.936773749450619,1
10,1409,-0.981449536925703,1
11,1410,-1.02375315253925,1
12,1411,-1.06251560588874,1
13,1412,-1.09768946281349,1
14,1413,-1.12995139776553,1
15,1414,-1.15872477017765,1
16,1415,-1.18518724234404,1
17,1416,-1.2091593338623,1
18,1417,-1.23019634783161,1
19,1418,-1.2493200675333,1
20,1419,-1.26680346484765,1
21,1420,-1.28285157822857,1
22,1421,-1.29819102769375,1
23,1422,-1.3128002798474,1
24,1423,-1.32636091496127,1
25,1424,-1.33931820341851,1
26,1425,-1.35154337363311,1
27,1426,-1.36249288466735,1
28,1427,-1.37246693688926,1
29,1428,-1.38199999665665,1
30,1429,-1.39052553379527,1
31,1430,-1.39854086805288,1
32,1431,-1.40643868600824,1
33,1432,-1.41310123537779,1
34,1433,-1.41882694067156,1
35,1434,-1.42325611478129,1
36,1435,-1.42732372366084,1
37,1436,-1.43102534975211,1
38,1437,-1.43372231811716,1
39,1438,-1.43581035214591,1
40,1439,-1.43719419656452,1
41,1440,-1.43772570139013,1
42,1441,-1.43816085301626,1
43,1442,-1.43818653050451,1
44,1443,-1.43790092723396,1
45,1444,-1.43745572612923,1
46,1445,-1.43561684627227,1
47,1446,-1.43350602513294,1
48,1447,-1.43172125576888,1
49,1448,-1.42902281748846,1
50,1449,-1.42666668010256,1
51,1450,-1.42456285047628,1
52,1451,-1.42183341954964,1
53,1452,-1.41908671944077,1
54,1453,-1.41586150963548,1
55,1454,-1.41250023295283,1
56,1455,-1.40852846516484,1
57,1456,-1.40395513510456,1
58,1457,-1.39900700943701,1
59,1458,-1.39368592838374,1
60,1459,-1.38808809002954,1
61,1460,-1.38231770095102,1
62,1461,-1.37570890252323,1
63,1462,-1.36878218755389,1
64,1463,-1.3608551045867,1
65,1464,-1.35214171993735,1
66,1465,-1.3425915511462,1
67,1466,-1.33197652718586,1
68,1467,-1.32064227388082,1
69,1468,-1.30838502939663,1
70,1469,-1.29561162380587,1
71,1470,-1.28232981257931,1
72,1471,-1.26839699284362,1
73,1472,-1.2541956647811,1
74,1473,-1.23914237394592,1
75,1474,-1.22324066029282,1
76,1475,-1.20697314693293,1
77,1476,-1.19007977560484,1
78,1477,-1.17269562306837,1
79,1478,-1.15506424712343,1
80,1479,-1.13708929511478,1
81,1480,-1.11858040281686,1
82,1481,-1.09961651031384,1
83,1482,-1.08051154662489,1
84,1483,-1.06137582439185,1
85,1484,-1.04212760790288,1
86,1485,-1.02246019933318,1
87,1486,-1.00255128190038,1
88,1487,-0.982490835674994,1
89,1488,-0.962132107641773,1
90,1489,-0.941321488811474,1
91,1490,-0.920371743881662,1
92,1491,-0.898959771825571,1
93,1492,-0.878025658510826,1
94,1493,-0.857265816158535,1
95,1494,-0.836300843814314,1
96,1495,-0.81555138546857,1
97,1496,-0.794442143618288,1
98,1497,-0.772884827210082,1
99,1498,-0.751250440898563,1
100,1499,-0.729428674110953,1
101,1500,-0.707905564843557,1
102,1501,-0.68602428591354,1
103,1502,-0.664134352808712,1
104,1503,-0.64234352573143,1
105,1504,-0.620310716004162,1
106,1505,-0.597936349999226,1
107,1506,-0.575273478922588,1
108,1507,-0.552915805618506,1
109,1508,-0.530950742802934,1
110,1509,-0.508953834247644,1
111,1510,-0.487316947149473,1
112,1511,-0.465384776208191,1
113,1512,-0.442801773464488,1
114,1513,-0.420997984135547,1
115,1514,-0.39902591299038,1
116,1515,-0.376732211803681,1
117,1516,-0.35524231645728,1
118,1517,-0.333575264822619,1
119,1518,-0.311883114835414,1
120,1519,-0.290249298527126,1
121,1520,-0.268681819138129,1
122,1521,-0.247504100215579,1
123,1522,-0.225893967415281,1
124,1523,-0.204616416494662,1
125,1524,-0.183703436698776,1
126,1525,-0.16268357916586,1
127,1526,-0.141810365889644,1
128,1527,-0.12058664213466,1
129,1528,-0.0989083453259593,1
130,1529,-0.0778439147344485,1
131,1530,-0.0564877062970575,1
132,1531,-0.0355874389588199,1
133,1532,-0.0158037229479062,1
134,1533,0.00455483898840265,1
135,1534,0.0251275342794169,1
136,1535,0.0456122882814126,1
137,1536,0.0660028830931528,1
138,1537,0.0868276734339284,1
139,1538,0.10796661843693,1
140,1539,0.129025086891731,1
141,1540,0.150323024071219,1
142,1541,0.171634511008753,1
143,1542,0.19302490178806,1
144,1543,0.214089138807894,1
145,1544,0.235475790308563,1
146,1545,0.256726588100524,1
147,1546,0.277229505461359,1
148,1547,0.297799614060544,1
149,1548,0.31814736743877,1
150,1549,0.337878417685621,1
151,1550,0.357313483121419,1
152,1551,0.376268099562932,1
153,1552,0.39511557248161,1
154,1553,0.413808564751401,1
155,1554,0.432390955608019,1
156,1555,0.451209534152304,1
157,1556,0.469627542778087,1
158,1557,0.487526314520443,1
159,1558,0.505021270134077,1
160,1559,0.522320973326965,1
161,1560,0.539719642806426,1
162,1561,0.556833024934701,1
163,1562,0.574091005187199,1
164,1563,0.591380935948425,1
165,1564,0.607719153650401,1
166,1565,0.623768624388487,1
167,1566,0.639404807100943,1
168,1567,0.654701012736087,1
169,1568,0.670494874300415,1
170,1569,0.685840438079797,1
171,1570,0.700861531521184,1
172,1571,0.716543987960934,1
173,1572,0.732469012043946,1
174,1573,0.748519481131605,1
175,1574,0.764666988606449,1
176,1575,0.781336843664541,1
177,1576,0.797693138199261,1
178,1577,0.814142311580133,1
179,1578,0.82993059131416,1
180,1579,0.845541147349823,1
181,1580,0.861066295181365,1
182,1581,0.876024721048929,1
183,1582,0.890890722515404,1
184,1583,0.90603355466393,1
185,1584,0.920370269112712,1
186,1585,0.933978188315896,1
187,1586,0.947615108993413,1
188,1587,0.960935234824827,1
189,1588,0.974249612747433,1
190,1589,0.987510746368434,1
191,1590,1.00031735122303,1
192,1591,1.01271833753883,1
193,1592,1.02525507484312,1
194,1593,1.03783498276105,1
195,1594,1.04991626763225,1
196,1595,1.06206343594182,1
197,1596,1.07359251268632,1
198,1597,1.08445641568342,1
199,1598,1.09482445480797,1
200,1599,1.10468934177011,1
201,1600,1.11440192999042,1
202,1601,1.12378037582563,1
203,1602,1.13263087852067,1
204,1603,1.14102890093656,1
205,1604,1.14938385855559,1
206,1605,1.15722638562629,1
207,1606,1.16484984656999,1
208,1607,1.17233612251532,1
209,1608,1.1796347008636,1
210,1609,1.1861798092485,1
211,1610,1.193502184628,1
212,1611,1.20096644648814,1
213,1612,1.20896095102646,1
214,1613,1.21770994743918,1
215,1614,1.22608262550085,1
216,1615,1.23492642776481,1
217,1616,1.24354018158725,1
218,1617,1.2520369232769,1
219,1618,1.26043831607303,1
220,1619,1.26810113970038,1
221,1620,1.2754585067428,1
222,1621,1.28169159854716,1
223,1622,1.28720212024885,1
224,1623,1.2925905632886,1
225,1624,1.29737035485882,1
226,1625,1.30172069591122,1
227,1626,1.30577134053573,1
228,1627,1.30890096376305,1
229,1628,1.31155809666529,1
230,1629,1.31459208211009,1
231,1630,1.31725589969337,1
232,1631,1.31936070273321,1
233,1632,1.32153424759549,1
234,1633,1.32344842635521,1
235,1634,1.32506225351952,1
236,1635,1.32678087214002,1
237,1636,1.32818158588984,1
238,1637,1.32919664909815,1
239,1638,1.32934588083649,1
240,1639,1.32909376064563,1
241,1640,1.32857968016132,1
242,1641,1.32610731125596,1
243,1642,1.32205675584475,1
244,1643,1.31663492179529,1
245,1644,1.30976359943946,1
246,1645,1.3020270391769,1
247,1646,1.29372072708547,1
248,1647,1.28442125972369,1
249,1648,1.2742622151678,1
250,1649,1.26432613002752,1
251,1650,1.25396046811387,1
252,1651,1.24342410095227,1
253,1652,1.23220420590345,1
254,1653,1.21953016217946,1
255,1654,1.20478227802452,1
256,1655,1.18703408365989,1
257,1656,1.16714653340597,1
258,1657,1.14400771442506,1
259,1658,1.11852507196572,1
260,1659,1.09186067264632,1
261,1660,1.06418372176195,1
262,1661,1.03653840448557,1
263,1662,1.01048216745809,1
264,1663,0.986966238446742,1
265,1664,0.965639040836338,1
266,1665,0.947905745066535,1
267,1666,0.932612460814644,1
268,1667,0.919739896322389,1
269,1668,0.908106672098607,1
270,1669,0.897022557181302,1
271,1670,0.885322271885409,1
272,1671,0.871025475323682,1
273,1672,0.854616101643745,1
274,1673,0.833954064423551,1
275,1674,0.809380270701985,1
276,1675,0.781230303575365,1
277,1676,0.748280993925826,1
278,1677,0.711364374227933,1
279,1678,0.671115535214668,1
280,1679,0.626813090508843,1
281,1680,0.578491296443264,1
282,1681,0.526189321972787,1
283,1682,0.469826170556344,1
284,1683,0.409457321203224,1
285,1684,0.344659859083369,1
286,1685,0.276542558071489,1
287,1686,0.203873584973842,1
288,1687,0.130058467241698,1
289,1688,0.0521036524696578,1
290,1689,-0.024855978192477,1
291,1690,-0.104142898456152,1
292,1691,-0.180473162895123,1
293,1692,-0.256902719851834,1
294,1693,-0.330675370608725,1
295,1694,-0.402390231775093,1
296,1695,-0.474798603510275,1
297,1696,-0.547380465274397,1
298,1697,-0.62388323761487,1
299,1698,-0.70299957729604,1
300,1699,-0.784062268882246,1
301,1700,-0.865631525368048,1
1,1400,-0.50502978050653,2
2,1401,-0.568266547629725,2
3,1402,-0.63137133030675,2
4,1403,-0.691376845195318,2
5,1404,-0.749570327256389,2
6,1405,-0.804971587359929,2
7,1406,-0.85803530044081,2
8,1407,-0.909022266726041,2
9,1408,-0.956805026559296,2
10,1409,-1.00118941084647,2
11,1410,-1.04299095532218,2
12,1411,-1.08103372108904,2
13,1412,-1.11582983531054,2
14,1413,-1.14774848869582,2
15,1414,-1.17614962026337,2
16,1415,-1.20173278000554,2
17,1416,-1.22444111062509,2
18,1417,-1.24478973460098,2
19,1418,-1.2636068001586,2
20,1419,-1.28068375907351,2
21,1420,-1.29658666898401,2
22,1421,-1.31162380151413,2
23,1422,-1.32535548865464,2
24,1423,-1.33826076615793,2
25,1424,-1.35050250254223,2
26,1425,-1.36199217423869,2
27,1426,-1.37249664257781,2
28,1427,-1.38214911928548,2
29,1428,-1.39129272533487,2
30,1429,-1.39975852323983,2
31,1430,-1.40718694250498,2
32,1431,-1.41401520867853,2
33,1432,-1.41985130367653,2
34,1433,-1.42446545224061,2
35,1434,-1.42870369531981,2
36,1435,-1.43230524713149,2
37,1436,-1.43502941132649,2
38,1437,-1.43727205948189,2
39,1438,-1.43868875169218,2
40,1439,-1.43935759915449,2
41,1440,-1.43962003575441,2
42,1441,-1.43937263733039,2
43,1442,-1.43876416495205,2
44,1443,-1.43789376671731,2
45,1444,-1.43647641278127,2
46,1445,-1.43450989834438,2
47,1446,-1.43224597181336,2
48,1447,-1.42974587514607,2
49,1448,-1.42710254352296,2
50,1449,-1.42439265455241,2
51,1450,-1.42144873146633,2
52,1451,-1.4185470133327,2
53,1452,-1.41525792523407,2
54,1453,-1.41151944595161,2
55,1454,-1.40747616264963,2
56,1455,-1.40317698231954,2
57,1456,-1.39854872334669,2
58,1457,-1.39352278517714,2
59,1458,-1.38821989642536,2
60,1459,-1.38235845349877,2
61,1460,-1.37623333230344,2
62,1461,-1.36911570909235,2
63,1462,-1.36154328561597,2
64,1463,-1.3531690141654,2
65,1464,-1.34400848779432,2
66,1465,-1.33375497612245,2
67,1466,-1.32297145243099,2
68,1467,-1.31155830255612,2
69,1468,-1.29915546960914,2
70,1469,-1.28641104502243,2
71,1470,-1.27313165175445,2
72,1471,-1.25889335529858,2
73,1472,-1.24435662992488,2
74,1473,-1.22914704340415,2
75,1474,-1.21307023159665,2
76,1475,-1.19672216093275,2
77,1476,-1.17980051193147,2
78,1477,-1.16236583491385,2
79,1478,-1.1445751335626,2
80,1479,-1.12648507581054,2
81,1480,-1.10812103973547,2
82,1481,-1.08914179302922,2
83,1482,-1.0700326706776,2
84,1483,-1.05095477497247,2
85,1484,-1.03165389870573,2
86,1485,-1.01213361201074,2
87,1486,-0.992228087073333,2
88,1487,-0.971942590053304,2
89,1488,-0.951605470336822,2
90,1489,-0.930996134847293,2
91,1490,-0.910267557834683,2
92,1491,-0.889375250824909,2
93,1492,-0.868464440831716,2
94,1493,-0.847291654104279,2
95,1494,-0.826086826275349,2
96,1495,-0.805012897247391,2
97,1496,-0.78373173091931,2
98,1497,-0.762223662947041,2
99,1498,-0.740482710650073,2
100,1499,-0.718509706774587,2
101,1500,-0.696551475875433,2
102,1501,-0.674434480205557,2
103,1502,-0.652716980135304,2
104,1503,-0.630829455996128,2
105,1504,-0.608791792233928,2
106,1505,-0.586921008210751,2
107,1506,-0.56454945555161,2
108,1507,-0.542430863311927,2
109,1508,-0.520865028772027,2
110,1509,-0.498980155733836,2
111,1510,-0.477272937573408,2
112,1511,-0.455588697664549,2
113,1512,-0.433446303134778,2
114,1513,-0.411512522139594,2
115,1514,-0.389588909242356,2
116,1515,-0.367716477647424,2
117,1516,-0.346197881215723,2
118,1517,-0.3245820928638,2
119,1518,-0.303182532137877,2
120,1519,-0.281377217599287,2
121,1520,-0.259413919068312,2
122,1521,-0.238310460028945,2
123,1522,-0.21681875055111,2
124,1523,-0.195441902659321,2
125,1524,-0.174620860211023,2
126,1525,-0.153544545805508,2
127,1526,-0.1321550152839,2
128,1527,-0.111022280088801,2
129,1528,-0.0900043641054439,2
130,1529,-0.0690934835147975,2
131,1530,-0.0481656704409904,2
132,1531,-0.0272125599974342,2
133,1532,-0.00640494200679421,2
134,1533,0.0143170930463387,2
135,1534,0.0351276027929473,2
136,1535,0.0555344843070805,2
137,1536,0.0753839086876291,2
138,1537,0.0957817042661626,2
139,1538,0.116086758833944,2
140,1539,0.136924855469062,2
141,1540,0.158516135862473,2
142,1541,0.179660206329142,2
143,1542,0.200893372825937,2
144,1543,0.221963936105885,2
145,1544,0.242959591353458,2
146,1545,0.263805207452217,2
147,1546,0.284375405619419,2
148,1547,0.305171393309711,2
149,1548,0.325512272126311,2
150,1549,0.345129075737436,2
151,1550,0.364409227946699,2
152,1551,0.383504376388746,2
153,1552,0.402778875104822,2
154,1553,0.421821127317645,2
155,1554,0.440442825756412,2
156,1555,0.458770100993672,2
157,1556,0.476679432272752,2
158,1557,0.494309534378716,2
159,1558,0.51222561002604,2
160,1559,0.530408892533577,2
161,1560,0.548003629196896,2
162,1561,0.565254148987983,2
163,1562,0.581786096364264,2
164,1563,0.597786705783274,2
165,1564,0.614109123700055,2
166,1565,0.629820153830145,2
167,1566,0.645348571324637,2
168,1567,0.661308632455629,2
169,1568,0.676804130590714,2
170,1569,0.692005143940377,2
171,1570,0.707459842231172,2
172,1571,0.723180850423578,2
173,1572,0.739032274385196,2
174,1573,0.754903695300721,2
175,1574,0.771061090341708,2
176,1575,0.787656081389954,2
177,1576,0.80387047093488,2
178,1577,0.82018801202726,2
179,1578,0.836078081036009,2
180,1579,0.851716010064471,2
181,1580,0.867346251108855,2
182,1581,0.882932753435974,2
183,1582,0.897874501551568,2
184,1583,0.912584402064943,2
185,1584,0.926947533396828,2
186,1585,0.94078730093193,2
187,1586,0.954416510137451,2
188,1587,0.967793195153982,2
189,1588,0.981019421890273,2
190,1589,0.993880152676792,2
191,1590,1.00642724336964,2
192,1591,1.01875902631528,2
193,1592,1.03097304292644,2
194,1593,1.04287018049699,2
195,1594,1.05454073858047,2
196,1595,1.06623558537586,2
197,1596,1.07763984392177,2
198,1597,1.08875468787196,2
199,1598,1.0993007266585,2
200,1599,1.10959918489162,2
201,1600,1.11940470804133,2
202,1601,1.12858242429342,2
203,1602,1.13747950138273,2
204,1603,1.14618606450275,2
205,1604,1.15430305106157,2
206,1605,1.16163221363434,2
207,1606,1.16902362526787,2
208,1607,1.17569241721627,2
209,1608,1.18276092928589,2
210,1609,1.19009621865521,2
211,1610,1.19731719795744,2
212,1611,1.2042284475648,2
213,1612,1.21193328293958,2
214,1613,1.22042522691911,2
215,1614,1.22867283423023,2
216,1615,1.23764933492475,2
217,1616,1.24643386369101,2
218,1617,1.25443371286838,2
219,1618,1.2623511592499,2
220,1619,1.27022088667474,2
221,1620,1.27794626580167,2
222,1621,1.28474071546922,2
223,1622,1.29028540749993,2
224,1623,1.29466093683461,2
225,1624,1.298674439512,2
226,1625,1.30268975896403,2
227,1626,1.30621588247525,2
228,1627,1.3092435238496,2
229,1628,1.31196228228652,2
230,1629,1.31450333034551,2
231,1630,1.31677968196583,2
232,1631,1.31898862542053,2
233,1632,1.32128137485036,2
234,1633,1.32310640359656,2
235,1634,1.32431264563305,2
236,1635,1.32571900155096,2
237,1636,1.32678417581279,2
238,1637,1.32769044319946,2
239,1638,1.3284076803592,2
240,1639,1.32750321165668,2
241,1640,1.32570171012477,2
242,1641,1.32271569569031,2
243,1642,1.31814731266429,2
244,1643,1.31281782301687,2
245,1644,1.30636507421127,2
246,1645,1.29842925802406,2
247,1646,1.2894479503937,2
248,1647,1.27987967339438,2
249,1648,1.26993564493146,2
250,1649,1.25942777664735,2
251,1650,1.24825787713765,2
252,1651,1.23734491166069,2
253,1652,1.22529248483063,2
254,1653,1.21157696462088,2
255,1654,1.19647845082369,2
256,1655,1.17831544507028,2
257,1656,1.15800418339347,2
258,1657,1.13542384681083,2
259,1658,1.11010358409115,2
260,1659,1.0828716324828,2
261,1660,1.05515615809499,2
262,1661,1.02740805356078,2
263,1662,1.0009713918458,2
264,1663,0.977451225553599,2
265,1664,0.955962440400476,2
266,1665,0.937250968183417,2
267,1666,0.921177126771906,2
268,1667,0.908335710724522,2
269,1668,0.896311761126964,2
270,1669,0.884837729719953,2
271,1670,0.873429420163945,2
272,1671,0.858660604533062,2
273,1672,0.841387183151972,2
274,1673,0.820388305720494,2
275,1674,0.795227869763264,2
276,1675,0.766497360907087,2
277,1676,0.733203505657343,2
278,1677,0.695578597941182,2
279,1678,0.654585340485383,2
280,1679,0.609709126445621,2
281,1680,0.560671450960927,2
282,1681,0.507836706505952,2
283,1682,0.4512658830393,2
284,1683,0.390544059188087,2
285,1684,0.325227255109227,2
286,1685,0.256843812799379,2
287,1686,0.18412660087045,2
288,1687,0.110077534052818,2
289,1688,0.0318400025303827,2
290,1689,-0.0451443523180626,2
291,1690,-0.124533851304251,2
292,1691,-0.200537919311834,2
293,1692,-0.276062096668096,2
294,1693,-0.349631850987166,2
295,1694,-0.421500968832747,2
296,1695,-0.494086160478222,2
297,1696,-0.566613765102544,2
298,1697,-0.642132530716147,2
299,1698,-0.719927749797902,2
300,1699,-0.800177119024829,2
301,1700,-0.880813415915888,2
1,1400,-0.499342414316463,3
2,1401,-0.562559341635623,3
3,1402,-0.625088890368564,3
4,1403,-0.684986101104995,3
5,1404,-0.743218405475616,3
6,1405,-0.798781148533556,3
7,1406,-0.852099953368485,3
8,1407,-0.903915602499465,3
9,1408,-0.952565580737592,3
10,1409,-0.997058817701861,3
11,1410,-1.03927741956878,3
12,1411,-1.07759042356015,3
13,1412,-1.11263087550368,3
14,1413,-1.14524700393007,3
15,1414,-1.17404015452234,3
16,1415,-1.20023364928098,3
17,1416,-1.22324825005806,3
18,1417,-1.24360867151489,3
19,1418,-1.26277090512236,3
20,1419,-1.28017012780399,3
21,1420,-1.29666221031605,3
22,1421,-1.3120204218735,3
23,1422,-1.32591297272261,3
24,1423,-1.33916661137638,3
25,1424,-1.35152456368543,3
26,1425,-1.36277332885058,3
27,1426,-1.37339484437215,3
28,1427,-1.38327185489627,3
29,1428,-1.39253777393836,3
30,1429,-1.40125770715495,3
31,1430,-1.4088937948465,3
32,1431,-1.41566482264539,3
33,1432,-1.42177685227246,3
34,1433,-1.42698402406811,3
35,1434,-1.43145456242081,3
36,1435,-1.43529924642577,3
37,1436,-1.43857518595056,3
38,1437,-1.44085048338487,3
39,1438,-1.44232098041116,3
40,1439,-1.44328495973928,3
41,1440,-1.44340879431328,3
42,1441,-1.44317970950032,3
43,1442,-1.44303748473592,3
44,1443,-1.44237772638229,3
45,1444,-1.44137996853248,3
46,1445,-1.44011739475127,3
47,1446,-1.43789268020661,3
48,1447,-1.43520921317842,3
49,1448,-1.43257176920393,3
50,1449,-1.42937128400618,3
51,1450,-1.42613796227112,3
52,1451,-1.42330586936746,3
53,1452,-1.41995247170554,3
54,1453,-1.41647129953175,3
55,1454,-1.41325956884313,3
56,1455,-1.40904127560201,3
57,1456,-1.40412957799873,3
58,1457,-1.39918321273786,3
59,1458,-1.39373341529149,3
60,1459,-1.38779484157892,3
61,1460,-1.3820982034475,3
62,1461,-1.37530363362128,3
63,1462,-1.3677125367955,3
64,1463,-1.35924131720489,3
65,1464,-1.35023887382073,3
66,1465,-1.33975757803323,3
67,1466,-1.32808809782256,3
68,1467,-1.31647302506085,3
69,1468,-1.3040203288835,3
70,1469,-1.29111492721614,3
71,1470,-1.27785153934957,3
72,1471,-1.26379441593739,3
73,1472,-1.24925492155997,3
74,1473,-1.23368565133686,3
75,1474,-1.21762248155748,3
76,1475,-1.2010663475785,3
77,1476,-1.18394516137232,3
78,1477,-1.16676063389444,3
79,1478,-1.14862236170028,3
80,1479,-1.13001330046832,3
81,1480,-1.11153153672846,3
82,1481,-1.0921595852446,3
83,1482,-1.07267649521984,3
84,1483,-1.05360569926493,3
85,1484,-1.03413312874457,3
86,1485,-1.01444314332935,3
87,1486,-0.994267327026399,3
88,1487,-0.973734663517218,3
89,1488,-0.953088627792965,3
90,1489,-0.931873687277257,3
91,1490,-0.910768137319512,3
92,1491,-0.889752729200511,3
93,1492,-0.868678171381541,3
94,1493,-0.84741345167083,3
95,1494,-0.825991532107689,3
96,1495,-0.804539444656897,3
97,1496,-0.783117146484111,3
98,1497,-0.761423102057336,3
99,1498,-0.739634925931734,3
100,1499,-0.717927172476571,3
101,1500,-0.696149780437132,3
102,1501,-0.673775677086773,3
103,1502,-0.652211676177876,3
104,1503,-0.630540168533878,3
105,1504,-0.608179943510141,3
106,1505,-0.586046245860206,3
107,1506,-0.563534638757531,3
108,1507,-0.541027869465615,3
109,1508,-0.519040058922735,3
110,1509,-0.497182939074871,3
111,1510,-0.475665128800951,3
112,1511,-0.454098375643176,3
113,1512,-0.432143286513764,3
114,1513,-0.410218197087359,3
115,1514,-0.388101828541805,3
116,1515,-0.365684411377339,3
117,1516,-0.343611440867583,3
118,1517,-0.321694219780795,3
119,1518,-0.299930737207629,3
120,1519,-0.278179981620919,3
121,1520,-0.256400063299973,3
122,1521,-0.235252960770187,3
123,1522,-0.213681471018217,3
124,1523,-0.192273572506056,3
125,1524,-0.171576147314108,3
126,1525,-0.150505344678572,3
127,1526,-0.129189458610869,3
128,1527,-0.108139723078883,3
129,1528,-0.0870343702798331,3
130,1529,-0.0660970869289501,3
131,1530,-0.0451836436244976,3
132,1531,-0.024443264181093,3
133,1532,-0.00405625619617829,3
134,1533,0.0164456422114863,3
135,1534,0.0369407101626759,3
136,1535,0.0573046444314685,3
137,1536,0.0774505956461861,3
138,1537,0.0979061757524902,3
139,1538,0.118211974845399,3
140,1539,0.139009064504155,3
141,1540,0.160463893569296,3
142,1541,0.181670450343468,3
143,1542,0.203142999591252,3
144,1543,0.224191983941852,3
145,1544,0.245201873584863,3
146,1545,0.266117403114142,3
147,1546,0.28623405316486,3
148,1547,0.306689237365945,3
149,1548,0.327256033545817,3
150,1549,0.347138011810319,3
151,1550,0.36713910769394,3
152,1551,0.38677694027473,3
153,1552,0.405679677798492,3
154,1553,0.424372630639454,3
155,1554,0.442699166512417,3
156,1555,0.460846532490434,3
157,1556,0.478472230755157,3
158,1557,0.495616902259703,3
159,1558,0.513165970976702,3
160,1559,0.530549251665997,3
161,1560,0.548125496211408,3
162,1561,0.565668187969934,3
163,1562,0.582179024708328,3
164,1563,0.598538157031371,3
165,1564,0.614761164842844,3
166,1565,0.630534091603134,3
167,1566,0.64588862372493,3
168,1567,0.661046948061416,3
169,1568,0.676294895174923,3
170,1569,0.691434403317902,3
171,1570,0.706754403649281,3
172,1571,0.722681961964473,3
173,1572,0.738464880624761,3
174,1573,0.753963316292845,3
175,1574,0.769722756230428,3
176,1575,0.785895836576818,3
177,1576,0.801839638162177,3
178,1577,0.817781026108902,3
179,1578,0.833584845748959,3
180,1579,0.849547470255463,3
181,1580,0.865026069775918,3
182,1581,0.880326575462975,3
183,1582,0.894981239665225,3
184,1583,0.90901993938099,3
185,1584,0.922959301149417,3
186,1585,0.936617049023007,3
187,1586,0.95011543238525,3
188,1587,0.963228638032865,3
189,1588,0.976595920006576,3
190,1589,0.990026375170873,3
191,1590,1.00266814980335,3
192,1591,1.01530866747716,3
193,1592,1.02752989824833,3
194,1593,1.03883127431128,3
195,1594,1.05034112332514,3
196,1595,1.06197231179134,3
197,1596,1.0732017012903,3
198,1597,1.08446500816629,3
199,1598,1.09491117850451,3
200,1599,1.10474535326935,3
201,1600,1.11425020246724,3
202,1601,1.12304273851883,3
203,1602,1.13167228804706,3
204,1603,1.14010422093145,3
205,1604,1.14826198536528,3
206,1605,1.15603854845299,3
207,1606,1.16346530417333,3
208,1607,1.17022735593075,3
209,1608,1.17741090584522,3
210,1609,1.18442964010148,3
211,1610,1.19165290204732,3
212,1611,1.19897359827923,3
213,1612,1.20677469295168,3
214,1613,1.21489745555701,3
215,1614,1.22303494533442,3
216,1615,1.23180871098658,3
217,1616,1.24043371912048,3
218,1617,1.2487465843589,3
219,1618,1.25714068326207,3
220,1619,1.26500078715568,3
221,1620,1.27222530102185,3
222,1621,1.27862060600524,3
223,1622,1.28422566061411,3
224,1623,1.2889717844688,3
225,1624,1.29346916355533,3
226,1625,1.29773216356702,3
227,1626,1.30103471090542,3
228,1627,1.30415807648715,3
229,1628,1.30699129666865,3
230,1629,1.30955596571499,3
231,1630,1.31224673269849,3
232,1631,1.31396365244908,3
233,1632,1.31558507425189,3
234,1633,1.31741607056909,3
235,1634,1.3184033125235,3
236,1635,1.32016861079849,3
237,1636,1.32206718129519,3
238,1637,1.32293971977102,3
239,1638,1.32330338138653,3
240,1639,1.32298793626296,3
241,1640,1.32162102154955,3
242,1641,1.31908520507888,3
243,1642,1.31560527720617,3
244,1643,1.31047698934677,3
245,1644,1.30387999075003,3
246,1645,1.29610896561147,3
247,1646,1.28745417934699,3
248,1647,1.27800586545996,3
249,1648,1.26847957826391,3
250,1649,1.25883480336466,3
251,1650,1.24812533232175,3
252,1651,1.23749224759808,3
253,1652,1.22578772027523,3
254,1653,1.21279421067796,3
255,1654,1.19839785410056,3
256,1655,1.18133958218759,3
257,1656,1.16185150369841,3
258,1657,1.13884832577425,3
259,1658,1.11356826180439,3
260,1659,1.08647826693251,3
261,1660,1.05843123630554,3
262,1661,1.03123291699691,3
263,1662,1.0053079796459,3
264,1663,0.98163209740436,3
265,1664,0.960619844313214,3
266,1665,0.942422777531989,3
267,1666,0.926698423954251,3
268,1667,0.914548341767582,3
269,1668,0.902707446285897,3
270,1669,0.890900472586957,3
271,1670,0.878980068869678,3
272,1671,0.86412839804925,3
273,1672,0.847210397379209,3
274,1673,0.82681328048872,3
275,1674,0.802622102392864,3
276,1675,0.774379294762718,3
277,1676,0.741653944616995,3
278,1677,0.704686386882444,3
279,1678,0.664195130155409,3
280,1679,0.61987967775522,3
281,1680,0.571383838662179,3
282,1681,0.51912550861521,3
283,1682,0.463165055950861,3
284,1683,0.402897267670247,3
285,1684,0.338181796032168,3
286,1685,0.27011284805985,3
287,1686,0.197290091484137,3
288,1687,0.123567129485548,3
289,1688,0.0458129084716617,3
290,1689,-0.0312146531708504,3
291,1690,-0.110501750626366,3
292,1691,-0.186848320429061,3
293,1692,-0.263426048756179,3
294,1693,-0.33727610452177,3
295,1694,-0.409523745188161,3
296,1695,-0.482463522783891,3
297,1696,-0.556051712966301,3
298,1697,-0.63312014501921,3
299,1698,-0.712231542851008,3
300,1699,-0.793490624162031,3
301,1700,-0.87448736695956,3
1,1400,-0.501754631638301,4
2,1401,-0.564686713771336,4
3,1402,-0.627577033120609,4
4,1403,-0.687693598933821,4
5,1404,-0.747199994857138,4
6,1405,-0.802882180801485,4
7,1406,-0.855646054212495,4
8,1407,-0.906472631923305,4
9,1408,-0.954779187175321,4
10,1409,-0.999254893593008,4
11,1410,-1.04121550766645,4
12,1411,-1.07952882138106,4
13,1412,-1.11400726838885,4
14,1413,-1.1457309618599,4
15,1414,-1.17435365144135,4
16,1415,-1.20085050552764,4
17,1416,-1.22425567596999,4
18,1417,-1.24495826330932,4
19,1418,-1.26422183144932,4
20,1419,-1.28116679065835,4
21,1420,-1.29694826181881,4
22,1421,-1.31199127693023,4
23,1422,-1.32572868303652,4
24,1423,-1.33897615593577,4
25,1424,-1.35125803781339,4
26,1425,-1.3624611403587,4
27,1426,-1.37310852388853,4
28,1427,-1.38305988619455,4
29,1428,-1.39216110231637,4
30,1429,-1.40050287227522,4
31,1430,-1.40816911814331,4
32,1431,-1.41527668882561,4
33,1432,-1.4214545001495,4
34,1433,-1.42678501068002,4
35,1434,-1.43162636092365,4
36,1435,-1.43539922202674,4
37,1436,-1.43808530245532,4
38,1437,-1.4403395845393,4
39,1438,-1.44186522509079,4
40,1439,-1.44270431011987,4
41,1440,-1.44294359226132,4
42,1441,-1.44268217708928,4
43,1442,-1.44226071877785,4
44,1443,-1.44165006169651,4
45,1444,-1.44037784499871,4
46,1445,-1.43862857899717,4
47,1446,-1.43656483348273,4
48,1447,-1.43421721452062,4
49,1448,-1.43172368889706,4
50,1449,-1.42892605911622,4
51,1450,-1.42602131875457,4
52,1451,-1.42273941258553,4
53,1452,-1.41905237150224,4
54,1453,-1.41542593592219,4
55,1454,-1.41191330094272,4
56,1455,-1.40772300804826,4
57,1456,-1.40345851104799,4
58,1457,-1.39845786447324,4
59,1458,-1.39287874913447,4
60,1459,-1.38680637082104,4
61,1460,-1.38015623208312,4
62,1461,-1.37311772010617,4
63,1462,-1.36598815997696,4
64,1463,-1.35755176357678,4
65,1464,-1.3483320884844,4
66,1465,-1.33840182602123,4
67,1466,-1.32740528085348,4
68,1467,-1.31572802717268,4
69,1468,-1.3036303824417,4
70,1469,-1.29089628028912,4
71,1470,-1.27729431327286,4
72,1471,-1.26284006944203,4
73,1472,-1.24804842205294,4
74,1473,-1.23272387010227,4
75,1474,-1.2167327831983,4
76,1475,-1.20028601177463,4
77,1476,-1.18316635931774,4
78,1477,-1.16563193669891,4
79,1478,-1.1477044093682,4
80,1479,-1.12957131269253,4
81,1480,-1.11127752220178,4
82,1481,-1.09201445677651,4
83,1482,-1.07250379224227,4
84,1483,-1.05319568143799,4
85,1484,-1.03362836277873,4
86,1485,-1.01392669020626,4
87,1486,-0.99366576782662,4
88,1487,-0.972837518481096,4
89,1488,-0.952151561920995,4
90,1489,-0.931104532193847,4
91,1490,-0.910047111921311,4
92,1491,-0.888994747739102,4
93,1492,-0.868013423137709,4
94,1493,-0.8469338731906,4
95,1494,-0.825668720354961,4
96,1495,-0.80457651056152,4
97,1496,-0.783256130986072,4
98,1497,-0.761278919809721,4
99,1498,-0.739626157473224,4
100,1499,-0.718078212166871,4
101,1500,-0.696734890613576,4
102,1501,-0.675272614691995,4
103,1502,-0.653673561687953,4
104,1503,-0.631768237822643,4
105,1504,-0.609629207741043,4
106,1505,-0.587179741952067,4
107,1506,-0.564554800130474,4
108,1507,-0.541926521016343,4
109,1508,-0.519582111299248,4
110,1509,-0.497692077205165,4
111,1510,-0.476293876433412,4
112,1511,-0.454658201626598,4
113,1512,-0.432437966520231,4
114,1513,-0.41084495295162,4
115,1514,-0.388807234526087,4
116,1515,-0.366364291333934,4
117,1516,-0.345084346696703,4
118,1517,-0.323156945390701,4
119,1518,-0.300948854468386,4
120,1519,-0.279485597180515,4
121,1520,-0.257973596679187,4
122,1521,-0.236936514194365,4
123,1522,-0.21565599886131,4
124,1523,-0.194477486126717,4
125,1524,-0.173554349853091,4
126,1525,-0.152403037437754,4
127,1526,-0.13104970206305,4
128,1527,-0.109864276730013,4
129,1528,-0.0884544991868643,4
130,1529,-0.0675593559626125,4
131,1530,-0.0468828339899031,4
132,1531,-0.0261101056316824,4
133,1532,-0.00565607235766634,4
134,1533,0.0147811679148963,4
135,1534,0.0352409293497748,4
136,1535,0.0557108637060654,4
137,1536,0.0758297973912014,4
138,1537,0.0964123776293557,4
139,1538,0.117218614959525,4
140,1539,0.138249752015116,4
141,1540,0.159751846888794,4
142,1541,0.180878889009101,4
143,1542,0.202058472971471,4
144,1543,0.223250941710548,4
145,1544,0.244079592247198,4
146,1545,0.26495726915075,4
147,1546,0.285045633595904,4
148,1547,0.305430764039577,4
149,1548,0.325921483240483,4
150,1549,0.345500632589777,4
151,1550,0.365370409305075,4
152,1551,0.384681859384804,4
153,1552,0.403287764911057,4
154,1553,0.422019187699114,4
155,1554,0.440342617267143,4
156,1555,0.458551150797194,4
157,1556,0.476644417791537,4
158,1557,0.494317355398693,4
159,1558,0.511706229144229,4
160,1559,0.529165076043489,4
161,1560,0.546449687371441,4
162,1561,0.563065824272956,4
163,1562,0.579637175661494,4
164,1563,0.596247753391621,4
165,1564,0.612354048879165,4
166,1565,0.628448495431102,4
167,1566,0.644128355173177,4
168,1567,0.658878787706258,4
169,1568,0.674021619242782,4
170,1569,0.689175378837929,4
171,1570,0.704222554582666,4
172,1571,0.720589162551012,4
173,1572,0.736624653495985,4
174,1573,0.752665997475366,4
175,1574,0.768712026380861,4
176,1575,0.784915092499791,4
177,1576,0.800761307685056,4
178,1577,0.816539305958576,4
179,1578,0.832413413648256,4
180,1579,0.848455368613521,4
181,1580,0.864041683676968,4
182,1581,0.879657593886697,4
183,1582,0.894349137714278,4
184,1583,0.908156224179657,4
185,1584,0.922201561369124,4
186,1585,0.93597362091527,4
187,1586,0.949675676707808,4
188,1587,0.963575239317548,4
189,1588,0.976804028540277,4
190,1589,0.989491623870964,4
191,1590,1.001883069393,4
192,1591,1.01374772216089,4
193,1592,1.02577248214455,4
194,1593,1.03766911585714,4
195,1594,1.04934967252944,4
196,1595,1.0609940538903,4
197,1596,1.07238165857749,4
198,1597,1.08381020327047,4
199,1598,1.09446849948559,4
200,1599,1.10461755911576,4
201,1600,1.11448037848802,4
202,1601,1.1237829264666,4
203,1602,1.13274260797695,4
204,1603,1.14170752905681,4
205,1604,1.149889956033,4
206,1605,1.15694127536428,4
207,1606,1.16411996030627,4
208,1607,1.1705979855377,4
209,1608,1.1775629680389,4
210,1609,1.18472787577813,4
211,1610,1.19211130452782,4
212,1611,1.19956751873706,4
213,1612,1.20751218080438,4
214,1613,1.2157268592145,4
215,1614,1.223957142163,4
216,1615,1.23250262840648,4
217,1616,1.24055405720084,4
218,1617,1.2489331616189,4
219,1618,1.25720437355224,4
220,1619,1.26517288088238,4
221,1620,1.27305483262996,4
222,1621,1.27963048671728,4
223,1622,1.28531019910859,4
224,1623,1.29009945678577,4
225,1624,1.2941865054061,4
226,1625,1.29815615913762,4
227,1626,1.30140121996673,4
228,1627,1.30412883785469,4
229,1628,1.30722095618095,4
230,1629,1.31020824997114,4
231,1630,1.31284011026323,4
232,1631,1.31519630718844,4
233,1632,1.31723914904202,4
234,1633,1.3191060844101,4
235,1634,1.32066717385199,4
236,1635,1.32239606703637,4
237,1636,1.32390223959318,4
238,1637,1.32464358571666,4
239,1638,1.32484815542288,4
240,1639,1.32467527801242,4
241,1640,1.32351460937911,4
242,1641,1.32120857808023,4
243,1642,1.31775085225145,4
244,1643,1.31238272196821,4
245,1644,1.30562485164975,4
246,1645,1.29759023032526,4
247,1646,1.28872804463721,4
248,1647,1.27988772642931,4
249,1648,1.2703847740422,4
250,1649,1.25997598092664,4
251,1650,1.24907014497092,4
252,1651,1.23765771572989,4
253,1652,1.22531620213289,4
254,1653,1.21252989279543,4
255,1654,1.19799993367537,4
256,1655,1.18062242953356,4
257,1656,1.16101564071809,4
258,1657,1.13803159540029,4
259,1658,1.11283639060607,4
260,1659,1.08621575521889,4
261,1660,1.05872269453145,4
262,1661,1.03131111778283,4
263,1662,1.00574447881497,4
264,1663,0.98298155981948,4
265,1664,0.961829197899028,4
266,1665,0.943459094874787,4
267,1666,0.927679711121539,4
268,1667,0.914747437532371,4
269,1668,0.902855712200591,4
270,1669,0.891852547218461,4
271,1670,0.880308019010645,4
272,1671,0.865606003297153,4
273,1672,0.848822292282443,4
274,1673,0.828592205957359,4
275,1674,0.804666995916874,4
276,1675,0.776804709593324,4
277,1676,0.744335906890345,4
278,1677,0.707653032274026,4
279,1678,0.666829242544718,4
280,1679,0.622061082280767,4
281,1680,0.572881223968505,4
282,1681,0.520092488051264,4
283,1682,0.463060983641493,4
284,1683,0.402925281148273,4
285,1684,0.338952458058153,4
286,1685,0.271279887431931,4
287,1686,0.199503623395438,4
288,1687,0.125943898902501,4
289,1688,0.0478979603792584,4
290,1689,-0.0293093255860733,4
291,1690,-0.10919450710157,4
292,1691,-0.185405148147796,4
293,1692,-0.261640344499341,4
294,1693,-0.335136574683784,4
295,1694,-0.406845519432825,4
296,1695,-0.479912480328797,4
297,1696,-0.552984949581046,4
298,1697,-0.629771884737491,4
299,1698,-0.708502369769329,4
300,1699,-0.789034171197947,4
301,1700,-0.870795921322308,4
1,1400,-0.522541498315049,5
2,1401,-0.585807776000564,5
3,1402,-0.648727503846371,5
4,1403,-0.708826069171009,5
5,1404,-0.767101355135316,5
6,1405,-0.822631168053,5
7,1406,-0.876032574709819,5
8,1407,-0.927158204440953,5
9,1408,-0.975625794842397,5
10,1409,-1.0202112634855,5
11,1410,-1.06196499024168,5
12,1411,-1.10016893690839,5
13,1412,-1.13480559098272,5
14,1413,-1.16668442690432,5
15,1414,-1.19481559351601,5
16,1415,-1.22064559788119,5
17,1416,-1.24348083488762,5
18,1417,-1.26340600911071,5
19,1418,-1.28238861560575,5
20,1419,-1.29951639852661,5
21,1420,-1.31508078628372,5
22,1421,-1.32970474054427,5
23,1422,-1.34308665550579,5
24,1423,-1.35546119826789,5
25,1424,-1.3671471896406,5
26,1425,-1.37793198521417,5
27,1426,-1.38803536000274,5
28,1427,-1.39748137400595,5
29,1428,-1.40622431350992,5
30,1429,-1.41427605238207,5
31,1430,-1.42135597767942,5
32,1431,-1.42772106819147,5
33,1432,-1.4330836328836,5
34,1433,-1.43736955644818,5
35,1434,-1.44121549942727,5
36,1435,-1.44433236115275,5
37,1436,-1.44652549689679,5
38,1437,-1.44793177350897,5
39,1438,-1.44878888916203,5
40,1439,-1.44897500881539,5
41,1440,-1.44862245819545,5
42,1441,-1.44806436114831,5
43,1442,-1.44709633244992,5
44,1443,-1.44580171341436,5
45,1444,-1.44426984046443,5
46,1445,-1.44194273603892,5
47,1446,-1.43918542676712,5
48,1447,-1.43631525954362,5
49,1448,-1.43294444446874,5
50,1449,-1.42937436541133,5
51,1450,-1.42574439766279,5
52,1451,-1.42184367939402,5
53,1452,-1.41757973894231,5
54,1453,-1.41359060952129,5
55,1454,-1.41020961685029,5
56,1455,-1.40567097828622,5
57,1456,-1.40088909031907,5
58,1457,-1.39569287111175,5
59,1458,-1.38945186742151,5
60,1459,-1.3832054061726,5
61,1460,-1.37743628944385,5
62,1461,-1.37023841826432,5
63,1462,-1.36246477025103,5
64,1463,-1.35376478798607,5
65,1464,-1.34418298374597,5
66,1465,-1.3332927633723,5
67,1466,-1.32209946480303,5
68,1467,-1.31033952780907,5
69,1468,-1.29771414037034,5
70,1469,-1.28469646084636,5
71,1470,-1.2708730902076,5
72,1471,-1.25630527087743,5
73,1472,-1.24162445726838,5
74,1473,-1.22589456720181,5
75,1474,-1.20927034672071,5
76,1475,-1.19234912229407,5
77,1476,-1.17454897227484,5
78,1477,-1.15650301595726,5
79,1478,-1.13796644530864,5
80,1479,-1.11877197289978,5
81,1480,-1.09990117069393,5
82,1481,-1.08062129642353,5
83,1482,-1.06082542029523,5
84,1483,-1.04131396954728,5
85,1484,-1.02154360350017,5
86,1485,-1.00134660507566,5
87,1486,-0.980840742520332,5
88,1487,-0.960220244490422,5
89,1488,-0.939314263009442,5
90,1489,-0.917759295798808,5
91,1490,-0.896351163882462,5
92,1491,-0.875057576938434,5
93,1492,-0.853673297795949,5
94,1493,-0.83186924666452,5
95,1494,-0.81033250378394,5
96,1495,-0.789055131928724,5
97,1496,-0.767580558002217,5
98,1497,-0.746216779748605,5
99,1498,-0.724504716648831,5
100,1499,-0.702612705661749,5
101,1500,-0.680408841491101,5
102,1501,-0.658047504467603,5
103,1502,-0.635853594295429,5
104,1503,-0.613773235709769,5
105,1504,-0.591883931996874,5
106,1505,-0.569874934122522,5
107,1506,-0.547655457656876,5
108,1507,-0.525695896401862,5
109,1508,-0.503482347946866,5
110,1509,-0.481449032742735,5
111,1510,-0.460011744188733,5
112,1511,-0.438186079530371,5
113,1512,-0.41602380003626,5
114,1513,-0.393871849937121,5
115,1514,-0.371402185301884,5
116,1515,-0.349133862207224,5
117,1516,-0.327373816940299,5
118,1517,-0.30537819892902,5
119,1518,-0.283615070214577,5
120,1519,-0.262047664476999,5
121,1520,-0.240304480442538,5
122,1521,-0.219160796022145,5
123,1522,-0.197893897007926,5
124,1523,-0.176577618183628,5
125,1524,-0.155619728765235,5
126,1525,-0.134577489177152,5
127,1526,-0.113675201418638,5
128,1527,-0.0926738387067451,5
129,1528,-0.0714190063209945,5
130,1529,-0.0504580465491036,5
131,1530,-0.0293888821951172,5
132,1531,-0.00863171324225298,5
133,1532,0.0115272384352882,5
134,1533,0.0319628113901204,5
135,1534,0.0523070838334772,5
136,1535,0.0726731236959869,5
137,1536,0.0933393552673227,5
138,1537,0.11378554321531,5
139,1538,0.133915514469228,5
140,1539,0.154591177108296,5
141,1540,0.175388123025755,5
142,1541,0.196071641841286,5
143,1542,0.217054812353946,5
144,1543,0.237922488688653,5
145,1544,0.258626802902136,5
146,1545,0.279727956010355,5
147,1546,0.300447265505797,5
148,1547,0.320833976551454,5
149,1548,0.340984791275367,5
150,1549,0.360475479652521,5
151,1550,0.379440940305542,5
152,1551,0.398397510896436,5
153,1552,0.417307811353434,5
154,1553,0.435716942754713,5
155,1554,0.453951380787715,5
156,1555,0.472072496880653,5
157,1556,0.48941398883998,5
158,1557,0.506537389845474,5
159,1558,0.524045496875112,5
160,1559,0.54141578263273,5
161,1560,0.558823607570135,5
162,1561,0.576004796455571,5
163,1562,0.592589481741505,5
164,1563,0.609115439345421,5
165,1564,0.625054017763532,5
166,1565,0.64045445549367,5
167,1566,0.655814322006758,5
168,1567,0.670735288075391,5
169,1568,0.685498022752749,5
170,1569,0.700387951816688,5
171,1570,0.714933555325386,5
172,1571,0.730027519419408,5
173,1572,0.745579221152793,5
174,1573,0.761437444765644,5
175,1574,0.777392578231917,5
176,1575,0.794060726356322,5
177,1576,0.810090954646853,5
178,1577,0.826087132345198,5
179,1578,0.841738254762084,5
180,1579,0.857307524727215,5
181,1580,0.872534628629851,5
182,1581,0.887345967963214,5
183,1582,0.901760869679546,5
184,1583,0.915746419434216,5
185,1584,0.929611079999943,5
186,1585,0.94326957333009,5
187,1586,0.956753406365089,5
188,1587,0.970107505116996,5
189,1588,0.983105042038161,5
190,1589,0.995733021694907,5
191,1590,1.00797398796272,5
192,1591,1.01993074506137,5
193,1592,1.03176725351064,5
194,1593,1.04329151434488,5
195,1594,1.05454031178,5
196,1595,1.0656721661329,5
197,1596,1.07645003388199,5
198,1597,1.08675767986782,5
199,1598,1.09696546697076,5
200,1599,1.10709629091309,5
201,1600,1.11657426179013,5
202,1601,1.12584940400908,5
203,1602,1.13449824089745,5
204,1603,1.14228289270587,5
205,1604,1.15020939949752,5
206,1605,1.15790535114083,5
207,1606,1.16512881132849,5
208,1607,1.17168237069854,5
209,1608,1.17881987829728,5
210,1609,1.18588164242291,5
211,1610,1.19292717877067,5
212,1611,1.20016243571038,5
213,1612,1.20776726934967,5
214,1613,1.21537649471758,5
215,1614,1.22333559968156,5
216,1615,1.23206734891003,5
217,1616,1.24047941924998,5
218,1617,1.2484523023566,5
219,1618,1.25611209619531,5
220,1619,1.26326534901887,5
221,1620,1.27030810753435,5
222,1621,1.27666057777708,5
223,1622,1.2822701363583,5
224,1623,1.28719222783166,5
225,1624,1.29131609211891,5
226,1625,1.2951128299366,5
227,1626,1.29822128399525,5
228,1627,1.30073194048335,5
229,1628,1.30328381343289,5
230,1629,1.30542599094782,5
231,1630,1.30742099501074,5
232,1631,1.30946220732037,5
233,1632,1.31145800453827,5
234,1633,1.313533223204,5
235,1634,1.31523182077596,5
236,1635,1.3170861502841,5
237,1636,1.3184074070056,5
238,1637,1.31880313594984,5
239,1638,1.31887394938246,5
240,1639,1.3179373719647,5
241,1640,1.31613070876755,5
242,1641,1.31355849975154,5
243,1642,1.30973699397001,5
244,1643,1.304559332352,5
245,1644,1.29775316204632,5
246,1645,1.28932299431526,5
247,1646,1.27994599645914,5
248,1647,1.26989552400419,5
249,1648,1.25994882249934,5
250,1649,1.24987318316249,5
251,1650,1.23905669402282,5
252,1651,1.22812701257691,5
253,1652,1.21574601194718,5
254,1653,1.20230574600723,5
255,1654,1.18749789801458,5
256,1655,1.16962036095143,5
257,1656,1.14955387088995,5
258,1657,1.12665890383216,5
259,1658,1.10121602616069,5
260,1659,1.07414689404972,5
261,1660,1.04680204124563,5
262,1661,1.01933805042179,5
263,1662,0.992967744942065,5
264,1663,0.969406316837894,5
265,1664,0.947884389529606,5
266,1665,0.929750479970295,5
267,1666,0.91392643023211,5
268,1667,0.900549733627481,5
269,1668,0.888557946312667,5
270,1669,0.877033631078005,5
271,1670,0.865200390622576,5
272,1671,0.850761815963704,5
273,1672,0.833485395530694,5
274,1673,0.81240445729198,5
275,1674,0.787728076340024,5
276,1675,0.758633511028226,5
277,1676,0.72499666975913,5
278,1677,0.68733909203396,5
279,1678,0.645767926155068,5
280,1679,0.601009168435016,5
281,1680,0.55303732756459,5
282,1681,0.50045814500437,5
283,1682,0.443693118930885,5
284,1683,0.383379889843713,5
285,1684,0.318612480788425,5
286,1685,0.250617318921842,5
287,1686,0.178618485943071,5
288,1687,0.104802455811025,5
289,1688,0.0264175192903983,5
290,1689,-0.0506876315306305,5
291,1690,-0.13021094454167,5
292,1691,-0.206527084405998,5
293,1692,-0.282578005119139,5
294,1693,-0.356679262453018,5
295,1694,-0.429025428554995,5
296,1695,-0.501616124932769,5
297,1696,-0.574693356624413,5
298,1697,-0.651183004802593,5
299,1698,-0.729615991510643,5
300,1699,-0.810828374446327,5
301,1700,-0.892593412131769,5
1,1400,-0.518720353420957,6
2,1401,-0.58191314375662,6
3,1402,-0.645066914982245,6
4,1403,-0.705255555083756,6
5,1404,-0.763719894431122,6
6,1405,-0.819492337389862,6
7,1406,-0.873032799990766,6
8,1407,-0.924576672385633,6
9,1408,-0.973385267705851,6
10,1409,-1.01828353198934,6
11,1410,-1.06021138134258,6
12,1411,-1.09860352051343,6
13,1412,-1.13338614232684,6
14,1413,-1.16533823775008,6
15,1414,-1.19386901373704,6
16,1415,-1.21964165945772,6
17,1416,-1.24237425637851,6
18,1417,-1.26243283024368,6
19,1418,-1.28087469474809,6
20,1419,-1.29760698291585,6
21,1420,-1.31336354675797,6
22,1421,-1.32823683862927,6
23,1422,-1.34198418157358,6
24,1423,-1.35481008509434,6
25,1424,-1.36673447795354,6
26,1425,-1.37759595378454,6
27,1426,-1.38753058704234,6
28,1427,-1.39639457708795,6
29,1428,-1.4048396746101,6
30,1429,-1.41240354620557,6
31,1430,-1.41952960902462,6
32,1431,-1.42659619962494,6
33,1432,-1.43233989353479,6
34,1433,-1.43733955390639,6
35,1434,-1.44094452898838,6
36,1435,-1.44359586842798,6
37,1436,-1.44567259812591,6
38,1437,-1.44697385677232,6
39,1438,-1.44771688327054,6
40,1439,-1.44793222900999,6
41,1440,-1.44767160442942,6
42,1441,-1.44703932335563,6
43,1442,-1.44605362864917,6
44,1443,-1.44469819914167,6
45,1444,-1.44261830531581,6
46,1445,-1.44014669697308,6
47,1446,-1.43745801959586,6
48,1447,-1.43428209787815,6
49,1448,-1.43115110523084,6
50,1449,-1.42782860967476,6
51,1450,-1.42402266216624,6
52,1451,-1.42031100970509,6
53,1452,-1.41637255742224,6
54,1453,-1.41215667380625,6
55,1454,-1.40780578500761,6
56,1455,-1.4030793683465,6
57,1456,-1.39798258646203,6
58,1457,-1.39268921753608,6
59,1458,-1.38746407611151,6
60,1459,-1.38135756310183,6
61,1460,-1.37496540538202,6
62,1461,-1.36762973683336,6
63,1462,-1.35932926891919,6
64,1463,-1.3503920120838,6
65,1464,-1.34079030602504,6
66,1465,-1.33075153119368,6
67,1466,-1.31946522218577,6
68,1467,-1.30747850359242,6
69,1468,-1.2945022632097,6
70,1469,-1.28081278798755,6
71,1470,-1.26697766774272,6
72,1471,-1.25258705083496,6
73,1472,-1.23765236883182,6
74,1473,-1.22169279448753,6
75,1474,-1.20493370358532,6
76,1475,-1.18803260397331,6
77,1476,-1.17064093546899,6
78,1477,-1.15285718287307,6
79,1478,-1.13453036496074,6
80,1479,-1.11551690767708,6
81,1480,-1.09631229864422,6
82,1481,-1.07670629753856,6
83,1482,-1.0566872721749,6
84,1483,-1.0367259645841,6
85,1484,-1.01659811186739,6
86,1485,-0.996450804797874,6
87,1486,-0.975996872659139,6
88,1487,-0.955418399235186,6
89,1488,-0.934540542254893,6
90,1489,-0.91328392222956,6
91,1490,-0.891906025912644,6
92,1491,-0.870271982452692,6
93,1492,-0.848981083625967,6
94,1493,-0.827716411761075,6
95,1494,-0.806210654763381,6
96,1495,-0.784783284004464,6
97,1496,-0.763264432473705,6
98,1497,-0.741456110703908,6
99,1498,-0.71947998176357,6
100,1499,-0.697414059985929,6
101,1500,-0.675547969518519,6
102,1501,-0.653272461324173,6
103,1502,-0.63109273987995,6
104,1503,-0.609159683001311,6
105,1504,-0.586851918773013,6
106,1505,-0.564618412505596,6
107,1506,-0.542406320604251,6
108,1507,-0.519706062060227,6
109,1508,-0.497564796325883,6
110,1509,-0.475747262695542,6
111,1510,-0.453835375761005,6
112,1511,-0.432366221886495,6
113,1512,-0.410581207211414,6
114,1513,-0.388572689815521,6
115,1514,-0.366338277906088,6
116,1515,-0.34367275059553,6
117,1516,-0.321718335556509,6
118,1517,-0.300014019363527,6
119,1518,-0.278252802063616,6
120,1519,-0.256779917576051,6
121,1520,-0.235353716786968,6
122,1521,-0.214178587708905,6
123,1522,-0.192710361457515,6
124,1523,-0.171620806812724,6
125,1524,-0.150812838608062,6
126,1525,-0.129787752079891,6
127,1526,-0.108717341311702,6
128,1527,-0.0875711498146851,6
129,1528,-0.0660273314466518,6
130,1529,-0.0451109977379511,6
131,1530,-0.0242529884683766,6
132,1531,-0.00350323705464722,6
133,1532,0.0166567313318535,6
134,1533,0.0368831492090534,6
135,1534,0.0570808842601707,6
136,1535,0.0773719815797984,6
137,1536,0.0973905786895402,6
138,1537,0.117835855265979,6
139,1538,0.138662066347573,6
140,1539,0.159532764408897,6
141,1540,0.180694061065796,6
142,1541,0.201606122543041,6
143,1542,0.222539149108814,6
144,1543,0.24333197272238,6
145,1544,0.264297784831178,6
146,1545,0.285380520086037,6
147,1546,0.306011564364222,6
148,1547,0.326534688828476,6
149,1548,0.346319836203334,6
150,1549,0.365339797934706,6
151,1550,0.384594461191991,6
152,1551,0.403564300458131,6
153,1552,0.422531350279678,6
154,1553,0.441366772107669,6
155,1554,0.459406382886524,6
156,1555,0.477325218800563,6
157,1556,0.494766480809747,6
158,1557,0.51192345049154,6
159,1558,0.529312885092371,6
160,1559,0.546667937132168,6
161,1560,0.564118449050835,6
162,1561,0.581038421489586,6
163,1562,0.59743907502821,6
164,1563,0.613939005651196,6
165,1564,0.629971104920678,6
166,1565,0.645662215387789,6
167,1566,0.661072366310432,6
168,1567,0.675957388644674,6
169,1568,0.690864977358555,6
170,1569,0.705812329976319,6
171,1570,0.720828263179846,6
172,1571,0.736275544973269,6
173,1572,0.751753983229705,6
174,1573,0.767269586721478,6
175,1574,0.782746313740021,6
176,1575,0.79825167686919,6
177,1576,0.814079005501522,6
178,1577,0.830191630048835,6
179,1578,0.846012790478224,6
180,1579,0.862348549162752,6
181,1580,0.877824900377519,6
182,1581,0.892615617047104,6
183,1582,0.907178216358085,6
184,1583,0.921474997078131,6
185,1584,0.93523468726893,6
186,1585,0.948448162780052,6
187,1586,0.961826232331714,6
188,1587,0.974959177833584,6
189,1588,0.987819117730656,6
190,1589,1.00064648305582,6
191,1590,1.01294775687939,6
192,1591,1.02459864011092,6
193,1592,1.03646412917916,6
194,1593,1.0482921798349,6
195,1594,1.05988556251273,6
196,1595,1.07171615419629,6
197,1596,1.08290222144629,6
198,1597,1.09366849226934,6
199,1598,1.10397756734311,6
200,1599,1.11365554242971,6
201,1600,1.12294400309725,6
202,1601,1.13198618395084,6
203,1602,1.14045807626317,6
204,1603,1.14833723946498,6
205,1604,1.15605593278252,6
206,1605,1.16315342380278,6
207,1606,1.17022883000411,6
208,1607,1.17690692960943,6
209,1608,1.18382358116678,6
210,1609,1.19060851669308,6
211,1610,1.19767851394711,6
212,1611,1.20498099096395,6
213,1612,1.21234491260998,6
214,1613,1.21999883345323,6
215,1614,1.22788287456377,6
216,1615,1.23608789306739,6
217,1616,1.24438472916153,6
218,1617,1.25280995982019,6
219,1618,1.26053243692724,6
220,1619,1.26805805094012,6
221,1620,1.27542594523492,6
222,1621,1.28126105177602,6
223,1622,1.28675585847286,6
224,1623,1.29178123774507,6
225,1624,1.29568070895665,6
226,1625,1.29973729087637,6
227,1626,1.30328324427454,6
228,1627,1.30576224415694,6
229,1628,1.30796519261908,6
230,1629,1.30982289552735,6
231,1630,1.31170355538133,6
232,1631,1.3134793775416,6
233,1632,1.31492619963255,6
234,1633,1.3162573328055,6
235,1634,1.31728262892794,6
236,1635,1.31844248928908,6
237,1636,1.31939114271688,6
238,1637,1.31985972036318,6
239,1638,1.32003027988763,6
240,1639,1.31953960957199,6
241,1640,1.31811488937535,6
242,1641,1.31553170927329,6
243,1642,1.31164603554868,6
244,1643,1.30591622820211,6
245,1644,1.29853335165941,6
246,1645,1.29003928579438,6
247,1646,1.28058950976162,6
248,1647,1.27016276406719,6
249,1648,1.25926451140668,6
250,1649,1.24812232584469,6
251,1650,1.23658155302021,6
252,1651,1.22525800163996,6
253,1652,1.21289846323581,6
254,1653,1.19937964836717,6
255,1654,1.18403257456557,6
256,1655,1.16554352989899,6
257,1656,1.14509964212509,6
258,1657,1.12150941887989,6
259,1658,1.09504405049501,6
260,1659,1.0669855256946,6
261,1660,1.03840027456298,6
262,1661,1.01038573119805,6
263,1662,0.983936227502473,6
264,1663,0.959983280805211,6
265,1664,0.938189389983431,6
266,1665,0.918886921488382,6
267,1666,0.901983293948541,6
268,1667,0.888361847112787,6
269,1668,0.87571763043632,6
270,1669,0.863977385076095,6
271,1670,0.851825705194271,6
272,1671,0.837080719993537,6
273,1672,0.82023382601823,6
274,1673,0.798908412994553,6
275,1674,0.773493969380183,6
276,1675,0.743588062757372,6
277,1676,0.708682215565729,6
278,1677,0.669731646113775,6
279,1678,0.627724633414652,6
280,1679,0.58208112842547,6
281,1680,0.532819891443673,6
282,1681,0.479152220889978,6
283,1682,0.421668089298231,6
284,1683,0.360018216520419,6
285,1684,0.293520595118433,6
286,1685,0.224105530030872,6
287,1686,0.150389280875405,6
288,1687,0.0755061934332699,6
289,1688,-0.00340739550503183,6
290,1689,-0.0815608169643725,6
291,1690,-0.161974271218036,6
292,1691,-0.239628064804004,6
293,1692,-0.317657919095552,6
294,1693,-0.392640585637701,6
295,1694,-0.465933504897802,6
296,1695,-0.538978733591079,6
297,1696,-0.61227146417937,6
298,1697,-0.689212305943402,6
299,1698,-0.768202352952251,6
300,1699,-0.849643492800521,6
301,1700,-0.931843177835036,6
1,1400,-0.544691911671105,7
2,1401,-0.608259573544384,7
3,1402,-0.671266724433099,7
4,1403,-0.731524774385438,7
5,1404,-0.790146098885077,7
6,1405,-0.845925572696003,7
7,1406,-0.899408858750842,7
8,1407,-0.951006447925565,7
9,1408,-0.999426820108018,7
10,1409,-1.0436992864497,7
11,1410,-1.08508349433524,7
12,1411,-1.12273224904198,7
13,1412,-1.15688200000182,7
14,1413,-1.1884582377481,7
15,1414,-1.21659052283151,7
16,1415,-1.24198760694934,7
17,1416,-1.26450804430238,7
18,1417,-1.28425494831257,7
19,1418,-1.3024428021644,7
20,1419,-1.31882143422689,7
21,1420,-1.33400303781314,7
22,1421,-1.34794173411597,7
23,1422,-1.36039353787287,7
24,1423,-1.37222720482092,7
25,1424,-1.38320799442537,7
26,1425,-1.39296584717679,7
27,1426,-1.40240611889157,7
28,1427,-1.41131823918962,7
29,1428,-1.41937397093322,7
30,1429,-1.42699777176329,7
31,1430,-1.43346506726909,7
32,1431,-1.43906252488161,7
33,1432,-1.44389334896333,7
34,1433,-1.44783517944924,7
35,1434,-1.45068185201078,7
36,1435,-1.45312194285229,7
37,1436,-1.45475272840645,7
38,1437,-1.45532396968684,7
39,1438,-1.45549375887745,7
40,1439,-1.45514675617237,7
41,1440,-1.45396287388904,7
42,1441,-1.45276118432417,7
43,1442,-1.45148675902685,7
44,1443,-1.44934746636848,7
45,1444,-1.44698771020302,7
46,1445,-1.4441926360678,7
47,1446,-1.44067154251619,7
48,1447,-1.43717755538446,7
49,1448,-1.43344831030671,7
50,1449,-1.42940659770198,7
51,1450,-1.42534916243267,7
52,1451,-1.42127867164175,7
53,1452,-1.41699577408263,7
54,1453,-1.41242703232764,7
55,1454,-1.40779074805375,7
56,1455,-1.40274434459549,7
57,1456,-1.39741091432659,7
58,1457,-1.39166730894188,7
59,1458,-1.38566355030307,7
60,1459,-1.37914187527477,7
61,1460,-1.37251970185474,7
62,1461,-1.364701133044,7
63,1462,-1.35618663857403,7
64,1463,-1.3469810010649,7
65,1464,-1.33697114657029,7
66,1465,-1.32582222706364,7
67,1466,-1.3144045999696,7
68,1467,-1.30226618070042,7
69,1468,-1.28895103719139,7
70,1469,-1.27550928314221,7
71,1470,-1.26131181146575,7
72,1471,-1.24625285418323,7
73,1472,-1.23095980201605,7
74,1473,-1.21460535403103,7
75,1474,-1.19729652361559,7
76,1475,-1.17982844625682,7
77,1476,-1.16183412742248,7
78,1477,-1.14330119496531,7
79,1478,-1.12471975286973,7
80,1479,-1.10576541455873,7
81,1480,-1.08640319287984,7
82,1481,-1.06659852976384,7
83,1482,-1.04632302754269,7
84,1483,-1.02621584578456,7
85,1484,-1.00607218442775,7
86,1485,-0.985621365627898,7
87,1486,-0.964868127218449,7
88,1487,-0.943887149437375,7
89,1488,-0.922882185043904,7
90,1489,-0.901475507532293,7
91,1490,-0.88004181578968,7
92,1491,-0.858751458194293,7
93,1492,-0.837240973794727,7
94,1493,-0.815409537699763,7
95,1494,-0.79363383523143,7
96,1495,-0.771814771229518,7
97,1496,-0.749956082917493,7
98,1497,-0.727928847201642,7
99,1498,-0.705819398408712,7
100,1499,-0.683679372223034,7
101,1500,-0.661613462352069,7
102,1501,-0.639359228362618,7
103,1502,-0.617137688660604,7
104,1503,-0.594700163646481,7
105,1504,-0.572232620976806,7
106,1505,-0.549931770994001,7
107,1506,-0.527542954762323,7
108,1507,-0.505384803893527,7
109,1508,-0.483393487397359,7
110,1509,-0.461595868725069,7
111,1510,-0.440123266573429,7
112,1511,-0.418278001709725,7
113,1512,-0.395968517491818,7
114,1513,-0.373414953962082,7
115,1514,-0.350723260689604,7
116,1515,-0.328360890902061,7
117,1516,-0.306813401151402,7
118,1517,-0.285371192961829,7
119,1518,-0.263659454548839,7
120,1519,-0.242059702284465,7
121,1520,-0.220568425389257,7
122,1521,-0.19946800616958,7
123,1522,-0.1781125162707,7
124,1523,-0.157006396123556,7
125,1524,-0.136187422662101,7
126,1525,-0.11517177584447,7
127,1526,-0.0942209935792312,7
128,1527,-0.073126517928412,7
129,1528,-0.0516306791357195,7
130,1529,-0.0306993484453946,7
131,1530,-0.00966190542371524,7
132,1531,0.0109112997477027,7
133,1532,0.0307776276102422,7
134,1533,0.0508216104653623,7
135,1534,0.0704155162762596,7
136,1535,0.090603770909132,7
137,1536,0.111192035493658,7
138,1537,0.131559814811124,7
139,1538,0.152042650193828,7
140,1539,0.172771843135816,7
141,1540,0.193464493499534,7
142,1541,0.214153582510164,7
143,1542,0.235248236933809,7
144,1543,0.256038870178564,7
145,1544,0.276758232379332,7
146,1545,0.297598485805311,7
147,1546,0.317782299137316,7
148,1547,0.338148274324395,7
149,1548,0.358076717717395,7
150,1549,0.377131278358195,7
151,1550,0.396397286320655,7
152,1551,0.415307605319844,7
153,1552,0.433668377630703,7
154,1553,0.451923695660372,7
155,1554,0.469785500951388,7
156,1555,0.487447963859462,7
157,1556,0.504987911500349,7
158,1557,0.522077559838031,7
159,1558,0.539170730990897,7
160,1559,0.556393848271283,7
161,1560,0.573321527995402,7
162,1561,0.590201928512352,7
163,1562,0.606734460314495,7
164,1563,0.622718004746123,7
165,1564,0.638639506059244,7
166,1565,0.654073675120358,7
167,1566,0.668828057699179,7
168,1567,0.683696594116883,7
169,1568,0.69862358012542,7
170,1569,0.713328004815437,7
171,1570,0.728315498438435,7
172,1571,0.74364800031159,7
173,1572,0.758992982464916,7
174,1573,0.774356592003293,7
175,1574,0.789773693915179,7
176,1575,0.805325433318698,7
177,1576,0.820912469892686,7
178,1577,0.83650140467484,7
179,1578,0.852000990763222,7
180,1579,0.868030507271793,7
181,1580,0.883096303011225,7
182,1581,0.897688532504427,7
183,1582,0.911911590724196,7
184,1583,0.925402458405008,7
185,1584,0.938940399335893,7
186,1585,0.952385024778003,7
187,1586,0.965502109486095,7
188,1587,0.978310018436871,7
189,1588,0.991047039511241,7
190,1589,1.00355372131829,7
191,1590,1.01572954967554,7
192,1591,1.02778506202804,7
193,1592,1.03951652538851,7
194,1593,1.05089057439559,7
195,1594,1.06202810040493,7
196,1595,1.07309104835775,7
197,1596,1.08367495541741,7
198,1597,1.09392713566067,7
199,1598,1.10369191612867,7
200,1599,1.1127064211902,7
201,1600,1.12168017517803,7
202,1601,1.13050051347328,7
203,1602,1.13883893174257,7
204,1603,1.14694453591024,7
205,1604,1.15484469974288,7
206,1605,1.1622139947133,7
207,1606,1.16937213349477,7
208,1607,1.17635097527917,7
209,1608,1.18305014431878,7
210,1609,1.18892805563159,7
211,1610,1.19552654737543,7
212,1611,1.20219432352529,7
213,1612,1.20916013843228,7
214,1613,1.21686490755851,7
215,1614,1.22487768334198,7
216,1615,1.23281918865787,7
217,1616,1.24073268621115,7
218,1617,1.24861508851245,7
219,1618,1.25622079672889,7
220,1619,1.26372152799657,7
221,1620,1.27068565708146,7
222,1621,1.27689120931457,7
223,1622,1.28200311703489,7
224,1623,1.28583071064058,7
225,1624,1.28960543227721,7
226,1625,1.29309979003811,7
227,1626,1.29605010462525,7
228,1627,1.29896457410491,7
229,1628,1.30153563547312,7
230,1629,1.30349723032264,7
231,1630,1.30524139304968,7
232,1631,1.30682807664165,7
233,1632,1.30804477639766,7
234,1633,1.30900498531935,7
235,1634,1.30974946164871,7
236,1635,1.31079078069892,7
237,1636,1.31169375145305,7
238,1637,1.31207472468912,7
239,1638,1.31208553007855,7
240,1639,1.31116282348692,7
241,1640,1.30903309462047,7
242,1641,1.3058007345356,7
243,1642,1.30140905240314,7
244,1643,1.29553801822031,7
245,1644,1.28847618126491,7
246,1645,1.27990519053649,7
247,1646,1.27019326911606,7
248,1647,1.25996544866103,7
249,1648,1.24899125493417,7
250,1649,1.23788285203933,7
251,1650,1.22649199210339,7
252,1651,1.21477771895958,7
253,1652,1.20207249484277,7
254,1653,1.18834502631326,7
255,1654,1.17299049520616,7
256,1655,1.15469323040025,7
257,1656,1.13409475269184,7
258,1657,1.11053216119928,7
259,1658,1.08481058111783,7
260,1659,1.05748970392389,7
261,1660,1.02975969245158,7
262,1661,1.00253480715218,7
263,1662,0.976321487398167,7
264,1663,0.952468549582488,7
265,1664,0.930350157504118,7
266,1665,0.910903944257389,7
267,1666,0.894290597051956,7
268,1667,0.880861756509495,7
269,1668,0.868589119111863,7
270,1669,0.856677811662631,7
271,1670,0.844017894510221,7
272,1671,0.828853473823401,7
273,1672,0.81119274820756,7
274,1673,0.789283285845226,7
275,1674,0.763744192384579,7
276,1675,0.73381955642208,7
277,1676,0.699143628680933,7
278,1677,0.660976842208876,7
279,1678,0.619265807343096,7
280,1679,0.573937371120118,7
281,1680,0.524894178165085,7
282,1681,0.471873295081174,7
283,1682,0.41507642015704,7
284,1683,0.354212807195802,7
285,1684,0.288965337329144,7
286,1685,0.220122318019009,7
287,1686,0.146541467435823,7
288,1687,0.0722316496776352,7
289,1688,-0.00628098049735859,7
290,1689,-0.0835265751824705,7
291,1690,-0.162430467778448,7
292,1691,-0.239147596590274,7
293,1692,-0.316270488871026,7
294,1693,-0.390316860968626,7
295,1694,-0.463375677341685,7
296,1695,-0.536619242731274,7
297,1696,-0.609375338770622,7
298,1697,-0.685796859953892,7
299,1698,-0.76440418115947,7
300,1699,-0.845160775076278,7
301,1700,-0.92658160557471,7
1,1400,-0.507695107744248,8
2,1401,-0.571203953161885,8
3,1402,-0.634973496142148,8
4,1403,-0.695763717921376,8
5,1404,-0.75483311143896,8
6,1405,-0.811331562680809,8
7,1406,-0.865941353207306,8
8,1407,-0.918377635386889,8
9,1408,-0.967533113070114,8
10,1409,-1.01297894628678,8
11,1410,-1.05530991894741,8
12,1411,-1.09402122770773,8
13,1412,-1.1294189558706,8
14,1413,-1.16160555228705,8
15,1414,-1.19043142275798,8
16,1415,-1.21675328516898,8
17,1416,-1.24011028917079,8
18,1417,-1.26095657510168,8
19,1418,-1.28019455849259,8
20,1419,-1.29736944514831,8
21,1420,-1.31314741168597,8
22,1421,-1.32800729671451,8
23,1422,-1.34157947983862,8
24,1423,-1.35436975624643,8
25,1424,-1.36637880353377,8
26,1425,-1.37736186146967,8
27,1426,-1.38755987225662,8
28,1427,-1.39704509845059,8
29,1428,-1.40580051441995,8
30,1429,-1.41377656234459,8
31,1430,-1.42121126515371,8
32,1431,-1.42798408823035,8
33,1432,-1.43394946811403,8
34,1433,-1.43944314700169,8
35,1434,-1.44370512656421,8
36,1435,-1.44673031674516,8
37,1436,-1.44933763669948,8
38,1437,-1.45070095814843,8
39,1438,-1.45114946711285,8
40,1439,-1.45137255720281,8
41,1440,-1.45074897804414,8
42,1441,-1.44976973090861,8
43,1442,-1.448694387842,8
44,1443,-1.44710867043318,8
45,1444,-1.44539902925726,8
46,1445,-1.44351412233459,8
47,1446,-1.44089149862448,8
48,1447,-1.43794972018972,8
49,1448,-1.43489536506468,8
50,1449,-1.43142095439274,8
51,1450,-1.42792485984304,8
52,1451,-1.42409220788717,8
53,1452,-1.41993649287809,8
54,1453,-1.41585025156705,8
55,1454,-1.41174744661601,8
56,1455,-1.40712470188993,8
57,1456,-1.40262504479314,8
58,1457,-1.3972941015514,8
59,1458,-1.39119101891924,8
60,1459,-1.38470628103243,8
61,1460,-1.37807293856871,8
62,1461,-1.37051920319679,8
63,1462,-1.36222722858015,8
64,1463,-1.35349920771015,8
65,1464,-1.34434372696342,8
66,1465,-1.33407853712338,8
67,1466,-1.32296547888741,8
68,1467,-1.31114077261682,8
69,1468,-1.29823876432169,8
70,1469,-1.28471444523608,8
71,1470,-1.27033409704403,8
72,1471,-1.25548077374179,8
73,1472,-1.2401928870382,8
74,1473,-1.22387950875161,8
75,1474,-1.20741713132632,8
76,1475,-1.19036044286274,8
77,1476,-1.17214066650468,8
78,1477,-1.15392822480599,8
79,1478,-1.13532710870214,8
80,1479,-1.11612455051872,8
81,1480,-1.09751829867549,8
82,1481,-1.07818553324851,8
83,1482,-1.05781863335699,8
84,1483,-1.03762573861353,8
85,1484,-1.01711645334872,8
86,1485,-0.996595552285314,8
87,1486,-0.975873606303506,8
88,1487,-0.955316621918444,8
89,1488,-0.934336493682399,8
90,1489,-0.912948833605168,8
91,1490,-0.891256712187896,8
92,1491,-0.869050285614929,8
93,1492,-0.84744855755842,8
94,1493,-0.825880796303494,8
95,1494,-0.80432126691619,8
96,1495,-0.783412220465026,8
97,1496,-0.761908657867087,8
98,1497,-0.739790928370961,8
99,1498,-0.7176045277951,8
100,1499,-0.69521711885817,8
101,1500,-0.672827733281375,8
102,1501,-0.650264195478404,8
103,1502,-0.628209811443565,8
104,1503,-0.606153989093966,8
105,1504,-0.583836390719498,8
106,1505,-0.561408984214542,8
107,1506,-0.538552366553416,8
108,1507,-0.515905565897803,8
109,1508,-0.493685539355954,8
110,1509,-0.471909086098687,8
111,1510,-0.450336645100855,8
112,1511,-0.428045695528854,8
113,1512,-0.405719742227813,8
114,1513,-0.383733188016177,8
115,1514,-0.361635970315153,8
116,1515,-0.339776931905632,8
117,1516,-0.318063591448625,8
118,1517,-0.296010599988417,8
119,1518,-0.27422776044033,8
120,1519,-0.252637397820985,8
121,1520,-0.230936561919286,8
122,1521,-0.209630151628967,8
123,1522,-0.18791510861953,8
124,1523,-0.166259552642593,8
125,1524,-0.145364684695674,8
126,1525,-0.124359752021846,8
127,1526,-0.103589786976109,8
128,1527,-0.0826414283268504,8
129,1528,-0.0615848476239589,8
130,1529,-0.0406165001623693,8
131,1530,-0.0193120672909929,8
132,1531,0.00142397373472403,8
133,1532,0.021791661305501,8
134,1533,0.0420092503295843,8
135,1534,0.0615316922683771,8
136,1535,0.0815121234230432,8
137,1536,0.101531622483173,8
138,1537,0.121722327897832,8
139,1538,0.141986511925472,8
140,1539,0.162847119668037,8
141,1540,0.184326604111526,8
142,1541,0.205308690430095,8
143,1542,0.226379077357177,8
144,1543,0.247690841372431,8
145,1544,0.268576258688098,8
146,1545,0.289241309301196,8
147,1546,0.310000903687697,8
148,1547,0.330715168130866,8
149,1548,0.350644583103472,8
150,1549,0.370089558448039,8
151,1550,0.389400797810172,8
152,1551,0.407943309400992,8
153,1552,0.426448211498232,8
154,1553,0.445206917019522,8
155,1554,0.463374429199878,8
156,1555,0.481397164013225,8
157,1556,0.499369936389228,8
158,1557,0.516435454397315,8
159,1558,0.533374040241664,8
160,1559,0.550658216489355,8
161,1560,0.567814524472827,8
162,1561,0.584999717718159,8
163,1562,0.601556516300386,8
164,1563,0.617788234037278,8
165,1564,0.633674049673446,8
166,1565,0.648750584828487,8
167,1566,0.663889988696594,8
168,1567,0.678843314514177,8
169,1568,0.693164499497342,8
170,1569,0.707476269445998,8
171,1570,0.722011984826891,8
172,1571,0.737126958406712,8
173,1572,0.752632973497535,8
174,1573,0.768851105828534,8
175,1574,0.784607306091824,8
176,1575,0.80038114946258,8
177,1576,0.816355066739641,8
178,1577,0.832557136282958,8
179,1578,0.848202003681438,8
180,1579,0.864163832949595,8
181,1580,0.879473001187178,8
182,1581,0.894087536214733,8
183,1582,0.908344891956431,8
184,1583,0.922188061755158,8
185,1584,0.935996157055109,8
186,1585,0.949375342338479,8
187,1586,0.962564943017256,8
188,1587,0.975853003892618,8
189,1588,0.988708545312217,8
190,1589,1.00097684921565,8
191,1590,1.01320379166544,8
192,1591,1.02543897127798,8
193,1592,1.03716315423381,8
194,1593,1.04828590421494,8
195,1594,1.05960312627951,8
196,1595,1.07087779066994,8
197,1596,1.0818127861256,8
198,1597,1.09302045143327,8
199,1598,1.10332693468203,8
200,1599,1.11291310491648,8
201,1600,1.12228648684252,8
202,1601,1.13114851176154,8
203,1602,1.13955160732452,8
204,1603,1.14758274608541,8
205,1604,1.15527804582178,8
206,1605,1.16229261079825,8
207,1606,1.16932362965633,8
208,1607,1.17588305454009,8
209,1608,1.18275946385479,8
210,1609,1.18965575853501,8
211,1610,1.19664588834942,8
212,1611,1.20369641222079,8
213,1612,1.21104046862203,8
214,1613,1.2186550680452,8
215,1614,1.22670390037454,8
216,1615,1.23514354376381,8
217,1616,1.24318695364841,8
218,1617,1.25089365860738,8
219,1618,1.25810993725416,8
220,1619,1.26541708364902,8
221,1620,1.27271320739795,8
222,1621,1.27897716369388,8
223,1622,1.28448789577596,8
224,1623,1.28869790027738,8
225,1624,1.29201394575623,8
226,1625,1.29591385981175,8
227,1626,1.2995223928522,8
228,1627,1.30203338304409,8
229,1628,1.30454550678373,8
230,1629,1.30653233287579,8
231,1630,1.30806468800593,8
232,1631,1.31035073841122,8
233,1632,1.31250385738303,8
234,1633,1.3140169339694,8
235,1634,1.31498969298284,8
236,1635,1.31572541901929,8
237,1636,1.31644482536386,8
238,1637,1.31740693148345,8
239,1638,1.31825388607393,8
240,1639,1.31835198292632,8
241,1640,1.31743332551851,8
242,1641,1.31461481605527,8
243,1642,1.30994793821632,8
244,1643,1.30410888406222,8
245,1644,1.29724359823732,8
246,1645,1.28871074737611,8
247,1646,1.27897574901054,8
248,1647,1.26845012196705,8
249,1648,1.25710429547405,8
250,1649,1.24547606744612,8
251,1650,1.23369649488215,8
252,1651,1.2219550326796,8
253,1652,1.20911507163055,8
254,1653,1.19529441732094,8
255,1654,1.180225032509,8
256,1655,1.16256726153947,8
257,1656,1.14224459584536,8
258,1657,1.11864600278062,8
259,1658,1.09293470245606,8
260,1659,1.065426441164,8
261,1660,1.0371562651078,8
262,1661,1.00922522468564,8
263,1662,0.982373966641861,8
264,1663,0.958003160518157,8
265,1664,0.936082975932016,8
266,1665,0.917598737489578,8
267,1666,0.901587310321951,8
268,1667,0.887876406873477,8
269,1668,0.874523632218954,8
270,1669,0.861819747757022,8
271,1670,0.849420943183288,8
272,1671,0.834527719788511,8
273,1672,0.8175222343833,8
274,1673,0.796201680781914,8
275,1674,0.77033460421085,8
276,1675,0.740395971042365,8
277,1676,0.706008862450618,8
278,1677,0.667780679801503,8
279,1678,0.626108161140984,8
280,1679,0.580773597218897,8
281,1680,0.53198522497604,8
282,1681,0.478110536227342,8
283,1682,0.419910180797419,8
284,1683,0.357833134662712,8
285,1684,0.290657955867507,8
286,1685,0.220765480362876,8
287,1686,0.146726816843894,8
288,1687,0.071455638090748,8
289,1688,-0.00809161168302833,8
290,1689,-0.0863698866656686,8
291,1690,-0.166407556367953,8
292,1691,-0.24423750616559,8
293,1692,-0.322444658131605,8
294,1693,-0.39752345746745,8
295,1694,-0.471759285007111,8
296,1695,-0.546218360491666,8
297,1696,-0.62021317291253,8
298,1697,-0.69877575930624,8
299,1698,-0.778824020536717,8
300,1699,-0.860639312269276,8
301,1700,-0.943570612698754,8
1,1400,-0.541618713279604,9
2,1401,-0.60471130764548,9
3,1402,-0.667680047518953,9
4,1403,-0.727762954218644,9
5,1404,-0.786179123893183,9
6,1405,-0.841941996485624,9
7,1406,-0.895715573112228,9
8,1407,-0.946946106249029,9
9,1408,-0.995087941668994,9
10,1409,-1.0397442708322,9
11,1410,-1.08146305414744,9
12,1411,-1.11957822585219,9
13,1412,-1.15451138313789,9
14,1413,-1.18662199280042,9
15,1414,-1.21511998695931,9
16,1415,-1.2406769493744,9
17,1416,-1.26300790585932,9
18,1417,-1.28271991316345,9
19,1418,-1.30089542067467,9
20,1419,-1.31727200167214,9
21,1420,-1.33250217658551,9
22,1421,-1.34682678686382,9
23,1422,-1.36004867317316,9
24,1423,-1.37226915267271,9
25,1424,-1.38366676153202,9
26,1425,-1.39420995808893,9
27,1426,-1.40372401209928,9
28,1427,-1.4122834401997,9
29,1428,-1.42016533581583,9
30,1429,-1.42698218521755,9
31,1430,-1.43340656000135,9
32,1431,-1.43949846129329,9
33,1432,-1.44436005974129,9
34,1433,-1.44842339530346,9
35,1434,-1.45170514662437,9
36,1435,-1.45364282176302,9
37,1436,-1.45472378167129,9
38,1437,-1.45556256565555,9
39,1438,-1.4558629646765,9
40,1439,-1.45576066226865,9
41,1440,-1.45529633657495,9
42,1441,-1.45416258489625,9
43,1442,-1.45248974056415,9
44,1443,-1.45029437557203,9
45,1444,-1.44757407994098,9
46,1445,-1.44455804546423,9
47,1446,-1.44095138325924,9
48,1447,-1.43734548740112,9
49,1448,-1.43388557314231,9
50,1449,-1.42989147596137,9
51,1450,-1.4258544690378,9
52,1451,-1.42177167133242,9
53,1452,-1.41724518016195,9
54,1453,-1.41260717665336,9
55,1454,-1.40800088703496,9
56,1455,-1.40291238086994,9
57,1456,-1.39765152774802,9
58,1457,-1.39188438611998,9
59,1458,-1.38564627042999,9
60,1459,-1.3790712431002,9
61,1460,-1.37229902917637,9
62,1461,-1.36459967193497,9
63,1462,-1.35647337341763,9
64,1463,-1.34758810282919,9
65,1464,-1.3380585496357,9
66,1465,-1.32758894134575,9
67,1466,-1.31605056413018,9
68,1467,-1.30382815664573,9
69,1468,-1.29051011473934,9
70,1469,-1.27632427722157,9
71,1470,-1.26156992482699,9
72,1471,-1.24620960429477,9
73,1472,-1.23024901570145,9
74,1473,-1.21329775870518,9
75,1474,-1.19624279576079,9
76,1475,-1.17880500632285,9
77,1476,-1.16057362041011,9
78,1477,-1.14253315587235,9
79,1478,-1.12392123843371,9
80,1479,-1.10475229954432,9
81,1480,-1.08550215739787,9
82,1481,-1.06550312936733,9
83,1482,-1.04517715451462,9
84,1483,-1.02483310762073,9
85,1484,-1.00440644388355,9
86,1485,-0.983823892993765,9
87,1486,-0.962789603952797,9
88,1487,-0.941349405913281,9
89,1488,-0.91993236851922,9
90,1489,-0.898048462096656,9
91,1490,-0.876349669172279,9
92,1491,-0.854726677522438,9
93,1492,-0.833132027066069,9
94,1493,-0.8115712506861,9
95,1494,-0.789751811904514,9
96,1495,-0.767830814121725,9
97,1496,-0.746014543187125,9
98,1497,-0.724209476166694,9
99,1498,-0.702053462211015,9
100,1499,-0.679949482610065,9
101,1500,-0.657386795934272,9
102,1501,-0.634376453245225,9
103,1502,-0.611698997077685,9
104,1503,-0.589220081218923,9
105,1504,-0.566791220599463,9
106,1505,-0.544723091507999,9
107,1506,-0.522039557978974,9
108,1507,-0.4989808552727,9
109,1508,-0.476685031135062,9
110,1509,-0.454645127881183,9
111,1510,-0.432951955426223,9
112,1511,-0.411604887671187,9
113,1512,-0.38985437208798,9
114,1513,-0.367650341344497,9
115,1514,-0.345176171041111,9
116,1515,-0.32301925447996,9
117,1516,-0.301146339577526,9
118,1517,-0.279450292060132,9
119,1518,-0.258038892584198,9
120,1519,-0.236126299083729,9
121,1520,-0.214461190579764,9
122,1521,-0.193497586332427,9
123,1522,-0.172290408571953,9
124,1523,-0.151326054764421,9
125,1524,-0.130525001193034,9
126,1525,-0.109534237334265,9
127,1526,-0.0882171687618412,9
128,1527,-0.0670946720765643,9
129,1528,-0.0459381709404427,9
130,1529,-0.0250287389996484,9
131,1530,-0.00402222387078159,9
132,1531,0.0167122942040135,9
133,1532,0.037142663451764,9
134,1533,0.057242619178867,9
135,1534,0.076882256515063,9
136,1535,0.0967006620838074,9
137,1536,0.116204935046003,9
138,1537,0.136143967917953,9
139,1538,0.156065993152986,9
140,1539,0.176681141990271,9
141,1540,0.198113066000594,9
142,1541,0.218997650419851,9
143,1542,0.240079184607079,9
144,1543,0.261273655886188,9
145,1544,0.281835907311107,9
146,1545,0.30220984499363,9
147,1546,0.322276093334061,9
148,1547,0.342351352348637,9
149,1548,0.36242224314842,9
150,1549,0.381478731314056,9
151,1550,0.400270847168975,9
152,1551,0.418778158501408,9
153,1552,0.436767520532248,9
154,1553,0.454918986379188,9
155,1554,0.473193249151188,9
156,1555,0.491437150423523,9
157,1556,0.50922724769393,9
158,1557,0.526471480563638,9
159,1558,0.543290715038077,9
160,1559,0.560201786534372,9
161,1560,0.577607460176266,9
162,1561,0.594538894759267,9
163,1562,0.611053156517342,9
164,1563,0.627353372078081,9
165,1564,0.642626698349236,9
166,1565,0.657359110437091,9
167,1566,0.671853754759749,9
168,1567,0.686278421421667,9
169,1568,0.700751452199148,9
170,1569,0.715292660383639,9
171,1570,0.730350611487431,9
172,1571,0.745601919955455,9
173,1572,0.760942936605844,9
174,1573,0.776513448298633,9
175,1574,0.791959872005345,9
176,1575,0.807640233598164,9
177,1576,0.822865780348937,9
178,1577,0.837752463210311,9
179,1578,0.852756503979687,9
180,1579,0.867557869583387,9
181,1580,0.882631986688255,9
182,1581,0.898241374212264,9
183,1582,0.913024150031496,9
184,1583,0.92769011160808,9
185,1584,0.941589353888684,9
186,1585,0.954730019761682,9
187,1586,0.967683066865435,9
188,1587,0.980117589462454,9
189,1588,0.992546034508001,9
190,1589,1.00466252160879,9
191,1590,1.01674281616945,9
192,1591,1.02879961368717,9
193,1592,1.04050135776386,9
194,1593,1.05192829901446,9
195,1594,1.06309555919898,9
196,1595,1.07410510395884,9
197,1596,1.08491065998291,9
198,1597,1.09569856509824,9
199,1598,1.10580499428868,9
200,1599,1.11544591924037,9
201,1600,1.12459108453092,9
202,1601,1.13329402378103,9
203,1602,1.14133425382577,9
204,1603,1.14853639939901,9
205,1604,1.15590931556721,9
206,1605,1.16274301448502,9
207,1606,1.16952489891184,9
208,1607,1.17627746175843,9
209,1608,1.18295366428358,9
210,1609,1.18915822631007,9
211,1610,1.19589978110311,9
212,1611,1.20273650720978,9
213,1612,1.21015006792153,9
214,1613,1.21800766528729,9
215,1614,1.22555543053949,9
216,1615,1.23380116448891,9
217,1616,1.24169789587454,9
218,1617,1.24976155352991,9
219,1618,1.25760641020185,9
220,1619,1.26437846687722,9
221,1620,1.27114232816543,9
222,1621,1.27662354963069,9
223,1622,1.28113949710204,9
224,1623,1.28516993384243,9
225,1624,1.28867165475826,9
226,1625,1.29238765329169,9
227,1626,1.29572133143969,9
228,1627,1.29891662679009,9
229,1628,1.30170189502811,9
230,1629,1.30349098907342,9
231,1630,1.30500589526219,9
232,1631,1.30618763551432,9
233,1632,1.30736251595726,9
234,1633,1.30868961404766,9
235,1634,1.30963033214438,9
236,1635,1.31079725243602,9
237,1636,1.31179273208071,9
238,1637,1.31209764001271,9
239,1638,1.31208272657053,9
240,1639,1.31163737127582,9
241,1640,1.30981831515612,9
242,1641,1.30701095284706,9
243,1642,1.30309285252833,9
244,1643,1.29688308211172,9
245,1644,1.28941612480129,9
246,1645,1.28044064767096,9
247,1646,1.27037702974401,9
248,1647,1.25987422376336,9
249,1648,1.24872742018631,9
250,1649,1.23711428585956,9
251,1650,1.22507060009038,9
252,1651,1.21351358760257,9
253,1652,1.20088337128977,9
254,1653,1.18731907481541,9
255,1654,1.17255115848644,9
256,1655,1.15474926281004,9
257,1656,1.13422783979961,9
258,1657,1.10980236527513,9
259,1658,1.08314641534969,9
260,1659,1.05509058916644,9
261,1660,1.02664851573258,9
262,1661,0.998952867050796,9
263,1662,0.971843379517883,9
264,1663,0.946902777156915,9
265,1664,0.924208595251632,9
266,1665,0.904895826710082,9
267,1666,0.888458054671687,9
268,1667,0.874698785971461,9
269,1668,0.861906403361488,9
270,1669,0.849635491310734,9
271,1670,0.837321538208262,9
272,1671,0.822120047819754,9
273,1672,0.804266005033865,9
274,1673,0.782764999171425,9
275,1674,0.756878210535128,9
276,1675,0.727134772884991,9
277,1676,0.692982258139762,9
278,1677,0.654082141848521,9
279,1678,0.612242010593612,9
280,1679,0.566378873316282,9
281,1680,0.516626244187637,9
282,1681,0.462343678240298,9
283,1682,0.403750032954745,9
284,1683,0.34174674487677,9
285,1684,0.275001273230446,9
286,1685,0.205687949638139,9
287,1686,0.132788883169156,9
288,1687,0.0581368333795678,9
289,1688,-0.0205933931176212,9
290,1689,-0.098844497418286,9
291,1690,-0.179690579410248,9
292,1691,-0.257556976459585,9
293,1692,-0.335749336616999,9
294,1693,-0.411187938969627,9
295,1694,-0.485019195836812,9
296,1695,-0.55915159841555,9
297,1696,-0.634082919371707,9
298,1697,-0.711766321523924,9
299,1698,-0.790778197729239,9
300,1699,-0.872465723209217,9
301,1700,-0.954863640084923,9
1,1400,-0.533728905350285,10
2,1401,-0.597541398050488,10
3,1402,-0.661036805254698,10
4,1403,-0.721853783510366,10
5,1404,-0.781299287196284,10
6,1405,-0.837679464574836,10
7,1406,-0.891757058822223,10
8,1407,-0.943547434694617,10
9,1408,-0.992762256437925,10
10,1409,-1.03810264848665,10
11,1410,-1.08052356863056,10
12,1411,-1.11913881524746,10
13,1412,-1.15362676633446,10
14,1413,-1.18530835984646,10
15,1414,-1.21372467945936,10
16,1415,-1.23956878930092,10
17,1416,-1.2623413326968,10
18,1417,-1.28216300464498,10
19,1418,-1.30033174474072,10
20,1419,-1.31659350848315,10
21,1420,-1.3319461350573,10
22,1421,-1.34635981823864,10
23,1422,-1.35936831057334,10
24,1423,-1.37155168773113,10
25,1424,-1.38278044632799,10
26,1425,-1.3926197412152,10
27,1426,-1.40219057547644,10
28,1427,-1.41124085746698,10
29,1428,-1.41930528024643,10
30,1429,-1.42688650997519,10
31,1430,-1.43334784725647,10
32,1431,-1.43870462294254,10
33,1432,-1.44343722905516,10
34,1433,-1.44749654545439,10
35,1434,-1.45028038687582,10
36,1435,-1.45242086884528,10
37,1436,-1.45377229572258,10
38,1437,-1.45427828278159,10
39,1438,-1.45438570940439,10
40,1439,-1.45385171623395,10
41,1440,-1.45290464604559,10
42,1441,-1.45157106613746,10
43,1442,-1.4497018957536,10
44,1443,-1.4473074109981,10
45,1444,-1.44470105095066,10
46,1445,-1.44167822034685,10
47,1446,-1.43805078356505,10
48,1447,-1.43446007354885,10
49,1448,-1.43076563854984,10
50,1449,-1.42681029720604,10
51,1450,-1.42284168475601,10
52,1451,-1.41872062542093,10
53,1452,-1.41437387871074,10
54,1453,-1.4098492948782,10
55,1454,-1.40530570267139,10
56,1455,-1.40019656328794,10
57,1456,-1.39483266327067,10
58,1457,-1.38896810751927,10
59,1458,-1.38271212624793,10
60,1459,-1.37588618319557,10
61,1460,-1.36875165575477,10
62,1461,-1.36085032229418,10
63,1462,-1.35251836850569,10
64,1463,-1.34321113245177,10
65,1464,-1.33321798606256,10
66,1465,-1.32215314374055,10
67,1466,-1.31037299644533,10
68,1467,-1.29784341571259,10
69,1468,-1.28458244565433,10
70,1469,-1.27112812822402,10
71,1470,-1.25651569937551,10
72,1471,-1.24092888736459,10
73,1472,-1.22524091529182,10
74,1473,-1.20845988934645,10
75,1474,-1.19126496045178,10
76,1475,-1.17395874284791,10
77,1476,-1.15582968543337,10
78,1477,-1.13731068591242,10
79,1478,-1.11818966917374,10
80,1479,-1.09861557131811,10
81,1480,-1.07911259552232,10
82,1481,-1.05916380205068,10
83,1482,-1.03905120497254,10
84,1483,-1.01906277394222,10
85,1484,-0.998589561976518,10
86,1485,-0.977934171705375,10
87,1486,-0.95708483244388,10
88,1487,-0.936135526492197,10
89,1488,-0.914940946449206,10
90,1489,-0.893416771315582,10
91,1490,-0.87179174344534,10
92,1491,-0.849973751086205,10
93,1492,-0.828206139253776,10
94,1493,-0.806216615374049,10
95,1494,-0.784271427136697,10
96,1495,-0.762401461386571,10
97,1496,-0.740571545924802,10
98,1497,-0.7188365459699,10
99,1498,-0.696678920281327,10
100,1499,-0.674413335706974,10
101,1500,-0.651904765343494,10
102,1501,-0.62907719946851,10
103,1502,-0.606756408475271,10
104,1503,-0.584417738043058,10
105,1504,-0.561931599006334,10
106,1505,-0.53953872238471,10
107,1506,-0.516661530223588,10
108,1507,-0.494148871322226,10
109,1508,-0.472101355530116,10
110,1509,-0.450126448234233,10
111,1510,-0.428415297551008,10
112,1511,-0.406355392812532,10
113,1512,-0.384193981086979,10
114,1513,-0.362166679113961,10
115,1514,-0.339963359186972,10
116,1515,-0.317759175670453,10
117,1516,-0.295931953095859,10
118,1517,-0.274330528379659,10
119,1518,-0.252671658401984,10
120,1519,-0.230939008202692,10
121,1520,-0.209141695355602,10
122,1521,-0.187757455885815,10
123,1522,-0.166396667324575,10
124,1523,-0.145221466572951,10
125,1524,-0.124511151629628,10
126,1525,-0.103669439672561,10
127,1526,-0.0827064535960811,10
128,1527,-0.0617818429256295,10
129,1528,-0.0408713711167623,10
130,1529,-0.020127470381161,10
131,1530,0.000902182870044584,10
132,1531,0.021497544405691,10
133,1532,0.0415429769629363,10
134,1533,0.0617140386377713,10
135,1534,0.0814840793723717,10
136,1535,0.101575510626826,10
137,1536,0.121879572975227,10
138,1537,0.142209256623247,10
139,1538,0.162619557024482,10
140,1539,0.183497875258072,10
141,1540,0.204723212403169,10
142,1541,0.225654625417812,10
143,1542,0.246914249359047,10
144,1543,0.26770444435761,10
145,1544,0.28834048320958,10
146,1545,0.308894840057728,10
147,1546,0.328987389309528,10
148,1547,0.349147921961696,10
149,1548,0.368842588250322,10
150,1549,0.387985468508513,10
151,1550,0.40710728014496,10
152,1551,0.425723691896783,10
153,1552,0.444086473268711,10
154,1553,0.462360211725684,10
155,1554,0.480577194117765,10
156,1555,0.498936369504711,10
157,1556,0.516809493070037,10
158,1557,0.534232731410594,10
159,1558,0.551125650912485,10
160,1559,0.567725814927046,10
161,1560,0.584569268085646,10
162,1561,0.601182682720424,10
163,1562,0.61761178278494,10
164,1563,0.633905601587837,10
165,1564,0.64966251141784,10
166,1565,0.665199669347064,10
167,1566,0.680227901810695,10
168,1567,0.694888691808155,10
169,1568,0.709740305626987,10
170,1569,0.724204194419442,10
171,1570,0.738584033678387,10
172,1571,0.753509304036178,10
173,1572,0.768641159619865,10
174,1573,0.783959035488925,10
175,1574,0.799205510796326,10
176,1575,0.814813594576029,10
177,1576,0.830195507245577,10
178,1577,0.845269687746625,10
179,1578,0.8607156858742,10
180,1579,0.876821090166434,10
181,1580,0.89201588934088,10
182,1581,0.907033090608706,10
183,1582,0.921429662009383,10
184,1583,0.934946431873979,10
185,1584,0.948587674320044,10
186,1585,0.9621682329262,10
187,1586,0.975354253683624,10
188,1587,0.98832425682064,10
189,1588,1.00096983711837,10
190,1589,1.01315573831876,10
191,1590,1.02519052755079,10
192,1591,1.03704538481899,10
193,1592,1.04859145528501,10
194,1593,1.05964995045921,10
195,1594,1.07081355091113,10
196,1595,1.08212848564619,10
197,1596,1.09289823193139,10
198,1597,1.10372706360738,10
199,1598,1.11365575184777,10
200,1599,1.12259504080151,10
201,1600,1.13150519532592,10
202,1601,1.14008860911486,10
203,1602,1.14823088526411,10
204,1603,1.15610289694982,10
205,1604,1.16363064154334,10
206,1605,1.1706266164686,10
207,1606,1.17731281196937,10
208,1607,1.18331943200996,10
209,1608,1.18970564518059,10
210,1609,1.195585706089,10
211,1610,1.20213465320031,10
212,1611,1.20921971143615,10
213,1612,1.21655179549501,10
214,1613,1.22389860821299,10
215,1614,1.23181922142376,10
216,1615,1.24023072399854,10
217,1616,1.24828903596516,10
218,1617,1.25623614101918,10
219,1618,1.26395343934279,10
220,1619,1.27072781765897,10
221,1620,1.27700626676233,10
222,1621,1.28310326199925,10
223,1622,1.28841557149889,10
224,1623,1.29261388038527,10
225,1624,1.29650172245229,10
226,1625,1.30004710872616,10
227,1626,1.30259500336592,10
228,1627,1.30484446290701,10
229,1628,1.30681603522579,10
230,1629,1.30766874206866,10
231,1630,1.30852993224996,10
232,1631,1.30973753436665,10
233,1632,1.3109612918458,10
234,1633,1.3123886966538,10
235,1634,1.31314283682725,10
236,1635,1.31374755639281,10
237,1636,1.31401254193245,10
238,1637,1.31358947627914,10
239,1638,1.31330056391753,10
240,1639,1.31245790477107,10
241,1640,1.31028558095442,10
242,1641,1.30719160695374,10
243,1642,1.30253115626433,10
244,1643,1.29569395328734,10
245,1644,1.28764226182941,10
246,1645,1.27827020294465,10
247,1646,1.26824587494846,10
248,1647,1.25767922025279,10
249,1648,1.24631949629194,10
250,1649,1.23415313325355,10
251,1650,1.22119930390977,10
252,1651,1.20881462868982,10
253,1652,1.19517961332515,10
254,1653,1.18034085569273,10
255,1654,1.1642109920428,10
256,1655,1.14490427283672,10
257,1656,1.12351924254172,10
258,1657,1.09921599602028,10
259,1658,1.07242148136289,10
260,1659,1.04391607684513,10
261,1660,1.01437420955188,10
262,1661,0.985243880971222,10
263,1662,0.95807179565216,10
264,1663,0.933032464825476,10
265,1664,0.910193373462851,10
266,1665,0.891063143691072,10
267,1666,0.873808916264632,10
268,1667,0.859491176885686,10
269,1668,0.84643226384452,10
270,1669,0.83356675429592,10
271,1670,0.820446924502886,10
272,1671,0.804679367855175,10
273,1672,0.786485355011439,10
274,1673,0.763520946381321,10
275,1674,0.736155980042017,10
276,1675,0.705101403726024,10
277,1676,0.669413450335733,10
278,1677,0.629614432002577,10
279,1678,0.586614987706611,10
280,1679,0.53959523580506,10
281,1680,0.48822120064943,10
282,1681,0.433171565988582,10
283,1682,0.374450619238903,10
284,1683,0.311688218887661,10
285,1684,0.24450657919444,10
286,1685,0.173785008842808,10
287,1686,0.0984718581836989,10
288,1687,0.022262703762047,10
289,1688,-0.0582011300526477,10
290,1689,-0.137539142871284,10
291,1690,-0.218874273654441,10
292,1691,-0.297246404403997,10
293,1692,-0.375699463024934,10
294,1693,-0.451700327248076,10
295,1694,-0.525851783949006,10
296,1695,-0.60065018406819,10
297,1696,-0.675874579293691,10
298,1697,-0.754084381594819,10
299,1698,-0.833770780211636,10
300,1699,-0.915581525566733,10
301,1700,-0.997898175957289,10
